Episode,Reward,Steps,Collided,Goal,Epsilon,Buffer
1,-50.0,1,1,0,0.9975,1
2,-55.05,2,1,0,0.995,3
3,-547.24,351,1,0,0.9925,354
4,-574.6,230,1,0,0.99,584
5,-50.0,1,1,0,0.9876,585
6,-935.7,570,1,0,0.9851,1155
7,-1004.99,250,1,0,0.9826,1405
8,-50.0,1,1,0,0.9802,1406
9,-246.86,126,1,0,0.9777,1532
10,-50.0,1,1,0,0.9753,1533
11,-309.89,183,1,0,0.9728,1716
12,-50.0,1,1,0,0.9704,1717
13,-90.91,9,1,0,0.968,1726
14,-60.1,3,1,0,0.9656,1729
15,-60.1,3,1,0,0.9631,1732
16,-286.84,60,1,0,0.9607,1792
17,-269.26,61,1,0,0.9583,1853
18,-428.51,111,1,0,0.9559,1964
19,-74.16,6,1,0,0.9536,1970
20,-60.4,3,1,0,0.9512,1973
21,-84.76,8,1,0,0.9488,1981
22,-344.57,306,1,0,0.9464,2287
23,-381.18,93,1,0,0.9441,2380
24,-427.46,129,1,0,0.9417,2509
25,-50.0,1,1,0,0.9393,2510
26,-272.63,409,1,0,0.937,2919
27,-50.0,1,1,0,0.9346,2920
28,-267.69,294,1,0,0.9323,3214
29,-393.82,751,1,0,0.93,3965
30,-334.79,119,1,0,0.9277,4084
31,-374.34,557,1,0,0.9253,4641
32,-495.53,626,1,0,0.923,5267
33,-198.66,218,1,0,0.9207,5485
34,-50.0,1,1,0,0.9184,5486
35,-853.26,620,1,0,0.9161,6106
36,-50.0,1,1,0,0.9138,6107
37,-70.97,5,1,0,0.9115,6112
38,-596.66,210,1,0,0.9093,6322
39,-50.0,1,1,0,0.907,6323
40,-324.0,99,1,0,0.9047,6422
41,-715.47,958,1,0,0.9025,7380
42,-495.49,1175,1,0,0.9002,8555
43,-50.0,1,1,0,0.898,8556
44,-50.0,1,1,0,0.8957,8557
45,-416.45,132,1,0,0.8935,8689
46,-50.0,1,1,0,0.8912,8690
47,-60.08,3,1,0,0.889,8693
48,-50.0,1,1,0,0.8868,8694
49,-314.95,402,1,0,0.8846,9096
50,-50.0,1,1,0,0.8824,9097
51,-307.9,542,1,0,0.8802,9639
52,-235.93,46,1,0,0.878,9685
53,-50.0,1,1,0,0.8758,9686
54,-613.3,958,1,0,0.8736,10644
55,-392.15,1024,1,0,0.8714,11668
56,-500.95,145,1,0,0.8692,11813
57,-50.0,1,1,0,0.867,11814
58,-59.95,3,1,0,0.8649,11817
59,-437.17,554,1,0,0.8627,12371
60,-415.36,111,1,0,0.8605,12482
61,-418.59,111,1,0,0.8584,12593
62,-513.12,927,1,0,0.8562,13520
63,-331.78,625,1,0,0.8541,14145
64,-50.0,1,1,0,0.852,14146
65,-50.0,1,1,0,0.8498,14147
66,-50.0,1,1,0,0.8477,14148
67,-661.99,300,1,0,0.8456,14448
68,-367.56,176,1,0,0.8435,14624
69,-367.73,97,1,0,0.8414,14721
70,-50.0,1,1,0,0.8393,14722
71,-1296.25,1000,1,0,0.8372,15722
72,-50.0,1,1,0,0.8351,15723
73,-215.52,331,1,0,0.833,16054
74,-50.0,1,1,0,0.8309,16055
75,-60.1,3,1,0,0.8288,16058
76,-50.0,1,1,0,0.8268,16059
77,-261.31,68,1,0,0.8247,16127
78,-198.95,253,1,0,0.8226,16380
79,-50.0,1,1,0,0.8206,16381
80,-349.38,109,1,0,0.8185,16490
81,-314.1,162,1,0,0.8165,16652
82,-493.21,101,1,0,0.8144,16753
83,-276.23,75,1,0,0.8124,16828
84,-50.0,1,1,0,0.8104,16829
85,-394.4,685,1,0,0.8083,17514
86,-188.52,266,1,0,0.8063,17780
87,-50.0,1,1,0,0.8043,17781
88,-393.65,537,1,0,0.8023,18318
89,-294.67,647,1,0,0.8003,18965
90,-258.71,260,1,0,0.7983,19225
91,-50.0,1,1,0,0.7963,19226
92,-50.0,1,1,0,0.7943,19227
93,-569.94,964,1,0,0.7923,20191
94,-343.37,312,1,0,0.7903,20503
95,-156.35,69,1,0,0.7884,20572
96,-491.83,172,1,0,0.7864,20744
97,-377.64,883,1,0,0.7844,21627
98,-370.35,1002,1,0,0.7825,22629
99,-50.0,1,1,0,0.7805,22630
100,-830.74,367,1,0,0.7786,22997
101,-50.0,1,1,0,0.7766,22998
102,-360.96,363,1,0,0.7747,23361
103,-304.81,520,1,0,0.7727,23881
104,-974.01,770,1,0,0.7708,24651
105,-50.0,1,1,0,0.7689,24652
106,-391.38,102,1,0,0.767,24754
107,-362.95,89,1,0,0.765,24843
108,-221.42,375,1,0,0.7631,25218
109,-79.83,7,1,0,0.7612,25225
110,-217.38,143,1,0,0.7593,25368
111,-50.0,1,1,0,0.7574,25369
112,-549.55,998,1,0,0.7555,26367
113,-74.36,6,1,0,0.7536,26373
114,-252.88,448,1,0,0.7517,26821
115,-336.46,74,1,0,0.7499,26895
116,-741.75,1188,1,0,0.748,28083
117,-352.05,267,1,0,0.7461,28350
118,-192.62,229,1,0,0.7443,28579
119,-485.7,818,1,0,0.7424,29397
120,-598.22,699,1,0,0.7405,30096
121,-50.0,1,1,0,0.7387,30097
122,-59.8,3,1,0,0.7368,30100
123,-323.36,580,1,0,0.735,30680
124,-201.16,264,1,0,0.7332,30944
125,-248.52,190,1,0,0.7313,31134
126,-571.35,506,1,0,0.7295,31640
127,-238.32,135,1,0,0.7277,31775
128,-50.0,1,1,0,0.7259,31776
129,-213.5,315,1,0,0.724,32091
130,-362.56,519,1,0,0.7222,32610
131,-267.73,348,1,0,0.7204,32958
132,-412.16,867,1,0,0.7186,33825
133,-404.23,429,1,0,0.7168,34254
134,-789.61,917,1,0,0.715,35171
135,-374.85,710,1,0,0.7133,35881
136,-652.89,518,1,0,0.7115,36399
137,-250.28,322,1,0,0.7097,36721
138,-239.51,308,1,0,0.7079,37029
139,-525.14,1025,1,0,0.7061,38054
140,-352.15,711,1,0,0.7044,38765
141,-652.4,1004,1,0,0.7026,39769
142,-346.78,1018,1,0,0.7009,40787
143,-50.0,1,1,0,0.6991,40788
144,-295.18,278,1,0,0.6974,41066
145,-335.47,841,1,0,0.6956,41907
146,-50.0,1,1,0,0.6939,41908
147,-226.02,444,1,0,0.6921,42352
148,-50.0,1,1,0,0.6904,42353
149,-229.34,193,1,0,0.6887,42546
150,-81.08,7,1,0,0.687,42553
151,-167.35,92,1,0,0.6852,42645
152,-387.25,835,1,0,0.6835,43480
153,-331.51,378,1,0,0.6818,43858
154,-237.18,228,1,0,0.6801,44086
155,-782.92,1019,1,0,0.6784,45105
156,-50.0,1,1,0,0.6767,45106
157,-375.51,588,1,0,0.675,45694
158,-383.13,620,1,0,0.6733,46314
159,-1363.05,1062,1,0,0.6717,47376
160,-707.3,662,1,0,0.67,48038
161,-406.89,813,1,0,0.6683,48851
162,-317.0,660,1,0,0.6666,49511
163,-50.0,1,1,0,0.665,49512
164,-617.26,653,1,0,0.6633,50165
165,-295.33,762,1,0,0.6617,50927
166,-89.42,9,1,0,0.66,50936
167,-340.63,106,1,0,0.6583,51042
168,-405.24,721,1,0,0.6567,51763
169,-50.0,1,1,0,0.6551,51764
170,-162.03,299,1,0,0.6534,52063
171,-355.57,400,1,0,0.6518,52463
172,-849.42,511,1,0,0.6502,52974
173,-261.33,281,1,0,0.6485,53255
174,-225.09,237,1,0,0.6469,53492
175,-366.01,474,1,0,0.6453,53966
176,-50.0,1,1,0,0.6437,53967
177,-59.85,3,1,0,0.6421,53970
178,-50.0,1,1,0,0.6405,53971
179,-315.27,295,1,0,0.6389,54266
180,-593.61,308,1,0,0.6373,54574
181,-50.0,1,1,0,0.6357,54575
182,-701.36,923,1,0,0.6341,55498
183,-175.43,124,1,0,0.6325,55622
184,-391.16,444,1,0,0.6309,56066
185,-195.85,216,1,0,0.6293,56282
186,-491.53,865,1,0,0.6278,57147
187,-299.37,633,1,0,0.6262,57780
188,-50.0,1,1,0,0.6246,57781
189,-50.0,1,1,0,0.6231,57782
190,-50.0,1,1,0,0.6215,57783
191,-50.0,1,1,0,0.62,57784
192,-50.0,1,1,0,0.6184,57785
193,-162.94,217,1,0,0.6169,58002
194,-203.87,269,1,0,0.6153,58271
195,-241.38,247,1,0,0.6138,58518
196,-262.07,597,1,0,0.6123,59115
197,-324.18,510,1,0,0.6107,59625
198,-50.0,1,1,0,0.6092,59626
199,-50.0,1,1,0,0.6077,59627
200,-373.07,626,1,0,0.6062,60253
201,-360.23,242,1,0,0.6046,60495
202,-249.42,468,1,0,0.6031,60963
203,-50.0,1,1,0,0.6016,60964
204,-54.9,2,1,0,0.6001,60966
205,-50.0,1,1,0,0.5986,60967
206,-247.81,513,1,0,0.5971,61480
207,-50.0,1,1,0,0.5956,61481
208,-955.56,1193,1,0,0.5941,62674
209,-179.87,277,1,0,0.5926,62951
210,-219.83,126,1,0,0.5912,63077
211,-262.33,175,1,0,0.5897,63252
212,-225.04,131,1,0,0.5882,63383
213,-375.66,259,1,0,0.5867,63642
214,-1288.01,987,1,0,0.5853,64629
215,-309.8,568,1,0,0.5838,65197
216,-50.0,1,1,0,0.5824,65198
217,-60.1,3,1,0,0.5809,65201
218,-59.8,3,1,0,0.5794,65204
219,-59.85,3,1,0,0.578,65207
220,-60.1,3,1,0,0.5766,65210
221,-60.1,3,1,0,0.5751,65213
222,-59.95,3,1,0,0.5737,65216
223,-59.95,3,1,0,0.5722,65219
224,-59.85,3,1,0,0.5708,65222
225,-60.76,3,1,0,0.5694,65225
226,-59.85,3,1,0,0.568,65228
227,-59.85,3,1,0,0.5665,65231
228,-60.76,3,1,0,0.5651,65234
229,-59.95,3,1,0,0.5637,65237
230,-60.65,3,1,0,0.5623,65240
231,-60.64,3,1,0,0.5609,65243
232,-60.65,3,1,0,0.5595,65246
233,-60.64,3,1,0,0.5581,65249
234,-60.1,3,1,0,0.5567,65252
235,-60.65,3,1,0,0.5553,65255
236,-59.95,3,1,0,0.5539,65258
237,-60.08,3,1,0,0.5525,65261
238,-59.95,3,1,0,0.5512,65264
239,-59.95,3,1,0,0.5498,65267
240,-60.76,3,1,0,0.5484,65270
241,-59.85,3,1,0,0.547,65273
242,-59.85,3,1,0,0.5457,65276
243,-60.64,3,1,0,0.5443,65279
244,-60.4,3,1,0,0.5429,65282
245,-60.4,3,1,0,0.5416,65285
246,-60.64,3,1,0,0.5402,65288
247,-59.85,3,1,0,0.5389,65291
248,-59.85,3,1,0,0.5375,65294
249,-60.64,3,1,0,0.5362,65297
250,-59.85,3,1,0,0.5348,65300
251,-59.85,3,1,0,0.5335,65303
252,-59.95,3,1,0,0.5322,65306
253,-59.95,3,1,0,0.5308,65309
254,-60.1,3,1,0,0.5295,65312
255,-60.4,3,1,0,0.5282,65315
256,-60.64,3,1,0,0.5269,65318
257,-60.1,3,1,0,0.5256,65321
258,-60.08,3,1,0,0.5242,65324
259,-60.1,3,1,0,0.5229,65327
260,-59.8,3,1,0,0.5216,65330
261,-59.95,3,1,0,0.5203,65333
262,-59.85,3,1,0,0.519,65336
263,-60.64,3,1,0,0.5177,65339
264,-59.95,3,1,0,0.5164,65342
265,-59.85,3,1,0,0.5151,65345
266,-60.64,3,1,0,0.5138,65348
267,-60.65,3,1,0,0.5126,65351
268,-59.85,3,1,0,0.5113,65354
269,-60.1,3,1,0,0.51,65357
270,-60.64,3,1,0,0.5087,65360
271,-59.95,3,1,0,0.5075,65363
272,-59.85,3,1,0,0.5062,65366
273,-59.95,3,1,0,0.5049,65369
274,-60.08,3,1,0,0.5037,65372
275,-59.85,3,1,0,0.5024,65375
276,-60.1,3,1,0,0.5011,65378
277,-60.76,3,1,0,0.4999,65381
278,-60.1,3,1,0,0.4986,65384
279,-59.95,3,1,0,0.4974,65387
280,-59.85,3,1,0,0.4962,65390
281,-59.95,3,1,0,0.4949,65393
282,-59.95,3,1,0,0.4937,65396
283,-60.1,3,1,0,0.4924,65399
284,-60.64,3,1,0,0.4912,65402
285,-59.95,3,1,0,0.49,65405
286,-59.8,3,1,0,0.4888,65408
287,-60.1,3,1,0,0.4875,65411
288,-60.08,3,1,0,0.4863,65414
289,-60.1,3,1,0,0.4851,65417
290,-60.08,3,1,0,0.4839,65420
291,-60.08,3,1,0,0.4827,65423
292,-59.8,3,1,0,0.4815,65426
293,-59.8,3,1,0,0.4803,65429
294,-60.08,3,1,0,0.4791,65432
295,-59.8,3,1,0,0.4779,65435
296,-60.76,3,1,0,0.4767,65438
297,-59.95,3,1,0,0.4755,65441
298,-60.61,3,1,0,0.4743,65444
299,-59.8,3,1,0,0.4731,65447
300,-59.95,3,1,0,0.4719,65450
301,-60.61,3,1,0,0.4707,65453
302,-59.8,3,1,0,0.4696,65456
303,-59.95,3,1,0,0.4684,65459
304,-59.8,3,1,0,0.4672,65462
305,-59.8,3,1,0,0.4661,65465
306,-59.95,3,1,0,0.4649,65468
307,-60.08,3,1,0,0.4637,65471
308,-59.95,3,1,0,0.4626,65474
309,-59.8,3,1,0,0.4614,65477
310,-60.64,3,1,0,0.4603,65480
311,-60.1,3,1,0,0.4591,65483
312,-59.95,3,1,0,0.458,65486
313,-59.95,3,1,0,0.4568,65489
314,-60.64,3,1,0,0.4557,65492
315,-59.85,3,1,0,0.4545,65495
316,-59.85,3,1,0,0.4534,65498
317,-59.85,3,1,0,0.4523,65501
318,-60.1,3,1,0,0.4511,65504
319,-60.1,3,1,0,0.45,65507
320,-59.85,3,1,0,0.4489,65510
321,-59.85,3,1,0,0.4478,65513
322,-60.64,3,1,0,0.4466,65516
323,-60.64,3,1,0,0.4455,65519
324,-60.1,3,1,0,0.4444,65522
325,-60.64,3,1,0,0.4433,65525
326,-60.9,3,1,0,0.4422,65528
327,-59.85,3,1,0,0.4411,65531
328,-59.95,3,1,0,0.44,65534
329,-60.1,3,1,0,0.4389,65537
330,-60.1,3,1,0,0.4378,65540
331,-60.76,3,1,0,0.4367,65543
332,-60.08,3,1,0,0.4356,65546
333,-60.1,3,1,0,0.4345,65549
334,-60.1,3,1,0,0.4334,65552
335,-60.1,3,1,0,0.4323,65555
336,-60.1,3,1,0,0.4313,65558
337,-60.76,3,1,0,0.4302,65561
338,-60.1,3,1,0,0.4291,65564
339,-60.1,3,1,0,0.428,65567
340,-60.1,3,1,0,0.427,65570
341,-60.1,3,1,0,0.4259,65573
342,-59.95,3,1,0,0.4248,65576
343,-60.1,3,1,0,0.4238,65579
344,-60.08,3,1,0,0.4227,65582
345,-59.95,3,1,0,0.4216,65585
346,-60.1,3,1,0,0.4206,65588
347,-60.08,3,1,0,0.4195,65591
348,-59.8,3,1,0,0.4185,65594
349,-59.8,3,1,0,0.4174,65597
350,-59.8,3,1,0,0.4164,65600
351,-60.08,3,1,0,0.4154,65603
352,-60.08,3,1,0,0.4143,65606
353,-59.8,3,1,0,0.4133,65609
354,-60.08,3,1,0,0.4123,65612
355,-59.95,3,1,0,0.4112,65615
356,-59.95,3,1,0,0.4102,65618
357,-60.76,3,1,0,0.4092,65621
358,-59.95,3,1,0,0.4081,65624
359,-59.95,3,1,0,0.4071,65627
360,-60.08,3,1,0,0.4061,65630
361,-59.95,3,1,0,0.4051,65633
362,-59.8,3,1,0,0.4041,65636
363,-59.8,3,1,0,0.4031,65639
364,-60.1,3,1,0,0.4021,65642
365,-59.8,3,1,0,0.4011,65645
366,-59.8,3,1,0,0.4001,65648
367,-59.95,3,1,0,0.3991,65651
368,-59.8,3,1,0,0.3981,65654
369,-60.08,3,1,0,0.3971,65657
370,-59.8,3,1,0,0.3961,65660
371,-59.85,3,1,0,0.3951,65663
372,-59.8,3,1,0,0.3941,65666
373,-59.8,3,1,0,0.3931,65669
374,-60.08,3,1,0,0.3921,65672
375,-59.8,3,1,0,0.3911,65675
376,-60.08,3,1,0,0.3902,65678
377,-59.8,3,1,0,0.3892,65681
378,-59.95,3,1,0,0.3882,65684
379,-60.61,3,1,0,0.3872,65687
380,-59.8,3,1,0,0.3863,65690
381,-59.8,3,1,0,0.3853,65693
382,-59.8,3,1,0,0.3844,65696
383,-60.08,3,1,0,0.3834,65699
384,-59.8,3,1,0,0.3824,65702
385,-59.8,3,1,0,0.3815,65705
386,-60.1,3,1,0,0.3805,65708
387,-60.1,3,1,0,0.3796,65711
388,-60.61,3,1,0,0.3786,65714
389,-60.08,3,1,0,0.3777,65717
390,-59.95,3,1,0,0.3767,65720
391,-60.76,3,1,0,0.3758,65723
392,-60.1,3,1,0,0.3749,65726
393,-60.08,3,1,0,0.3739,65729
394,-60.1,3,1,0,0.373,65732
395,-60.08,3,1,0,0.372,65735
396,-60.08,3,1,0,0.3711,65738
397,-60.1,3,1,0,0.3702,65741
398,-60.08,3,1,0,0.3693,65744
399,-60.08,3,1,0,0.3683,65747
400,-60.08,3,1,0,0.3674,65750
401,-60.76,3,1,0,0.3665,65753
402,-60.1,3,1,0,0.3656,65756
403,-60.1,3,1,0,0.3647,65759
404,-59.85,3,1,0,0.3638,65762
405,-60.64,3,1,0,0.3628,65765
406,-60.1,3,1,0,0.3619,65768
407,-60.08,3,1,0,0.361,65771
408,-59.85,3,1,0,0.3601,65774
409,-60.1,3,1,0,0.3592,65777
410,-59.95,3,1,0,0.3583,65780
411,-60.08,3,1,0,0.3574,65783
412,-60.76,3,1,0,0.3565,65786
413,-60.65,3,1,0,0.3557,65789
414,-60.1,3,1,0,0.3548,65792
415,-59.85,3,1,0,0.3539,65795
416,-60.1,3,1,0,0.353,65798
417,-60.76,3,1,0,0.3521,65801
418,-60.4,3,1,0,0.3512,65804
419,-60.4,3,1,0,0.3504,65807
420,-60.64,3,1,0,0.3495,65810
421,-60.1,3,1,0,0.3486,65813
422,-59.85,3,1,0,0.3477,65816
423,-60.76,3,1,0,0.3469,65819
424,-60.64,3,1,0,0.346,65822
425,-60.64,3,1,0,0.3451,65825
426,-60.64,3,1,0,0.3443,65828
427,-59.85,3,1,0,0.3434,65831
428,-60.65,3,1,0,0.3425,65834
429,-60.64,3,1,0,0.3417,65837
430,-59.85,3,1,0,0.3408,65840
431,-60.1,3,1,0,0.34,65843
432,-60.1,3,1,0,0.3391,65846
433,-60.1,3,1,0,0.3383,65849
434,-60.1,3,1,0,0.3374,65852
435,-60.1,3,1,0,0.3366,65855
436,-60.1,3,1,0,0.3358,65858
437,-60.1,3,1,0,0.3349,65861
438,-60.08,3,1,0,0.3341,65864
439,-60.1,3,1,0,0.3332,65867
440,-60.1,3,1,0,0.3324,65870
441,-60.76,3,1,0,0.3316,65873
442,-60.9,3,1,0,0.3308,65876
443,-60.1,3,1,0,0.3299,65879
444,-60.08,3,1,0,0.3291,65882
445,-60.1,3,1,0,0.3283,65885
446,-59.95,3,1,0,0.3275,65888
447,-60.76,3,1,0,0.3266,65891
448,-60.1,3,1,0,0.3258,65894
449,-59.85,3,1,0,0.325,65897
450,-60.9,3,1,0,0.3242,65900
451,-59.95,3,1,0,0.3234,65903
452,-59.95,3,1,0,0.3226,65906
453,-59.95,3,1,0,0.3218,65909
454,-59.8,3,1,0,0.321,65912
455,-59.95,3,1,0,0.3202,65915
456,-59.95,3,1,0,0.3194,65918
457,-60.64,3,1,0,0.3186,65921
458,-60.61,3,1,0,0.3178,65924
459,-59.95,3,1,0,0.317,65927
460,-59.95,3,1,0,0.3162,65930
461,-60.61,3,1,0,0.3154,65933
462,-60.61,3,1,0,0.3146,65936
463,-59.95,3,1,0,0.3138,65939
464,-60.76,3,1,0,0.313,65942
465,-59.95,3,1,0,0.3122,65945
466,-60.4,3,1,0,0.3115,65948
467,-60.64,3,1,0,0.3107,65951
468,-60.64,3,1,0,0.3099,65954
469,-60.1,3,1,0,0.3091,65957
470,-59.8,3,1,0,0.3084,65960
471,-60.76,3,1,0,0.3076,65963
472,-59.85,3,1,0,0.3068,65966
473,-60.1,3,1,0,0.3061,65969
474,-60.64,3,1,0,0.3053,65972
475,-60.65,3,1,0,0.3045,65975
476,-60.1,3,1,0,0.3038,65978
477,-60.65,3,1,0,0.303,65981
478,-60.1,3,1,0,0.3023,65984
479,-60.1,3,1,0,0.3015,65987
480,-59.95,3,1,0,0.3007,65990
481,-59.85,3,1,0,0.3,65993
482,-59.95,3,1,0,0.2992,65996
483,-60.64,3,1,0,0.2985,65999
484,-60.65,3,1,0,0.2977,66002
485,-60.1,3,1,0,0.297,66005
486,-60.76,3,1,0,0.2963,66008
487,-60.1,3,1,0,0.2955,66011
488,-59.95,3,1,0,0.2948,66014
489,-60.1,3,1,0,0.294,66017
490,-60.1,3,1,0,0.2933,66020
491,-59.85,3,1,0,0.2926,66023
492,-60.1,3,1,0,0.2918,66026
493,-60.08,3,1,0,0.2911,66029
494,-59.85,3,1,0,0.2904,66032
495,-60.1,3,1,0,0.2897,66035
496,-60.64,3,1,0,0.2889,66038
497,-59.85,3,1,0,0.2882,66041
498,-59.85,3,1,0,0.2875,66044
499,-60.76,3,1,0,0.2868,66047
500,-60.4,3,1,0,0.2861,66050
501,-60.61,3,1,0,0.2853,66053
502,-60.1,3,1,0,0.2846,66056
503,-60.76,3,1,0,0.2839,66059
504,-60.76,3,1,0,0.2832,66062
505,-60.1,3,1,0,0.2825,66065
506,-60.4,3,1,0,0.2818,66068
507,-60.1,3,1,0,0.2811,66071
508,-60.9,3,1,0,0.2804,66074
509,-60.1,3,1,0,0.2797,66077
510,-60.76,3,1,0,0.279,66080
511,-60.1,3,1,0,0.2783,66083
512,-60.1,3,1,0,0.2776,66086
513,-60.9,3,1,0,0.2769,66089
514,-60.1,3,1,0,0.2762,66092
515,-60.1,3,1,0,0.2755,66095
516,-60.08,3,1,0,0.2748,66098
517,-60.65,3,1,0,0.2741,66101
518,-60.9,3,1,0,0.2735,66104
519,-60.1,3,1,0,0.2728,66107
520,-60.1,3,1,0,0.2721,66110
521,-60.1,3,1,0,0.2714,66113
522,-60.1,3,1,0,0.2707,66116
523,-60.1,3,1,0,0.2701,66119
524,-60.1,3,1,0,0.2694,66122
525,-60.1,3,1,0,0.2687,66125
526,-60.64,3,1,0,0.268,66128
527,-59.85,3,1,0,0.2674,66131
528,-60.1,3,1,0,0.2667,66134
529,-59.85,3,1,0,0.266,66137
530,-60.1,3,1,0,0.2654,66140
531,-60.1,3,1,0,0.2647,66143
532,-60.1,3,1,0,0.264,66146
533,-59.85,3,1,0,0.2634,66149
534,-60.64,3,1,0,0.2627,66152
535,-60.76,3,1,0,0.2621,66155
536,-60.1,3,1,0,0.2614,66158
537,-60.1,3,1,0,0.2608,66161
538,-60.1,3,1,0,0.2601,66164
539,-60.1,3,1,0,0.2595,66167
540,-60.9,3,1,0,0.2588,66170
541,-60.1,3,1,0,0.2582,66173
542,-60.1,3,1,0,0.2575,66176
543,-60.1,3,1,0,0.2569,66179
544,-60.9,3,1,0,0.2562,66182
545,-60.1,3,1,0,0.2556,66185
546,-60.1,3,1,0,0.2549,66188
547,-60.1,3,1,0,0.2543,66191
548,-60.1,3,1,0,0.2537,66194
549,-60.1,3,1,0,0.253,66197
550,-60.1,3,1,0,0.2524,66200
551,-60.1,3,1,0,0.2518,66203
552,-60.08,3,1,0,0.2511,66206
553,-60.1,3,1,0,0.2505,66209
554,-60.1,3,1,0,0.2499,66212
555,-60.1,3,1,0,0.2493,66215
556,-60.76,3,1,0,0.2486,66218
557,-60.9,3,1,0,0.248,66221
558,-60.4,3,1,0,0.2474,66224
559,-60.64,3,1,0,0.2468,66227
560,-60.1,3,1,0,0.2462,66230
561,-60.64,3,1,0,0.2455,66233
562,-60.9,3,1,0,0.2449,66236
563,-60.1,3,1,0,0.2443,66239
564,-59.85,3,1,0,0.2437,66242
565,-60.1,3,1,0,0.2431,66245
566,-60.1,3,1,0,0.2425,66248
567,-59.95,3,1,0,0.2419,66251
568,-60.64,3,1,0,0.2413,66254
569,-60.64,3,1,0,0.2407,66257
570,-60.65,3,1,0,0.2401,66260
571,-59.95,3,1,0,0.2395,66263
572,-60.64,3,1,0,0.2389,66266
573,-60.64,3,1,0,0.2383,66269
574,-59.85,3,1,0,0.2377,66272
575,-60.76,3,1,0,0.2371,66275
576,-60.76,3,1,0,0.2365,66278
577,-60.1,3,1,0,0.2359,66281
578,-60.1,3,1,0,0.2353,66284
579,-60.4,3,1,0,0.2347,66287
580,-60.4,3,1,0,0.2341,66290
581,-60.76,3,1,0,0.2336,66293
582,-60.08,3,1,0,0.233,66296
583,-60.1,3,1,0,0.2324,66299
584,-60.08,3,1,0,0.2318,66302
585,-60.1,3,1,0,0.2312,66305
586,-60.1,3,1,0,0.2307,66308
587,-59.85,3,1,0,0.2301,66311
588,-59.85,3,1,0,0.2295,66314
589,-59.95,3,1,0,0.2289,66317
590,-60.1,3,1,0,0.2284,66320
591,-59.8,3,1,0,0.2278,66323
592,-59.8,3,1,0,0.2272,66326
593,-59.8,3,1,0,0.2266,66329
594,-60.08,3,1,0,0.2261,66332
595,-60.08,3,1,0,0.2255,66335
596,-60.61,3,1,0,0.225,66338
597,-60.08,3,1,0,0.2244,66341
598,-59.8,3,1,0,0.2238,66344
599,-60.76,3,1,0,0.2233,66347
600,-60.08,3,1,0,0.2227,66350
601,-60.76,3,1,0,0.2222,66353
602,-60.4,3,1,0,0.2216,66356
603,-60.76,3,1,0,0.221,66359
604,-60.4,3,1,0,0.2205,66362
605,-60.61,3,1,0,0.2199,66365
606,-59.95,3,1,0,0.2194,66368
607,-59.95,3,1,0,0.2188,66371
608,-60.4,3,1,0,0.2183,66374
609,-60.4,3,1,0,0.2178,66377
610,-60.61,3,1,0,0.2172,66380
611,-60.64,3,1,0,0.2167,66383
612,-60.76,3,1,0,0.2161,66386
613,-60.4,3,1,0,0.2156,66389
614,-60.4,3,1,0,0.215,66392
615,-60.4,3,1,0,0.2145,66395
616,-60.4,3,1,0,0.214,66398
617,-60.61,3,1,0,0.2134,66401
618,-60.61,3,1,0,0.2129,66404
619,-60.61,3,1,0,0.2124,66407
620,-60.76,3,1,0,0.2118,66410
621,-60.61,3,1,0,0.2113,66413
622,-60.1,3,1,0,0.2108,66416
623,-60.1,3,1,0,0.2103,66419
624,-60.08,3,1,0,0.2097,66422
625,-60.1,3,1,0,0.2092,66425
626,-60.08,3,1,0,0.2087,66428
627,-60.08,3,1,0,0.2082,66431
628,-60.9,3,1,0,0.2076,66434
629,-60.1,3,1,0,0.2071,66437
630,-60.9,3,1,0,0.2066,66440
631,-60.9,3,1,0,0.2061,66443
632,-60.9,3,1,0,0.2056,66446
633,-60.9,3,1,0,0.2051,66449
634,-60.1,3,1,0,0.2045,66452
635,-60.1,3,1,0,0.204,66455
636,-60.1,3,1,0,0.2035,66458
637,-60.76,3,1,0,0.203,66461
638,-60.08,3,1,0,0.2025,66464
639,-60.61,3,1,0,0.202,66467
640,-60.76,3,1,0,0.2015,66470
641,-60.76,3,1,0,0.201,66473
642,-60.76,3,1,0,0.2005,66476
643,-60.4,3,1,0,0.2,66479
644,-60.76,3,1,0,0.1995,66482
645,-60.4,3,1,0,0.199,66485
646,-60.4,3,1,0,0.1985,66488
647,-60.4,3,1,0,0.198,66491
648,-60.4,3,1,0,0.1975,66494
649,-60.4,3,1,0,0.197,66497
650,-60.61,3,1,0,0.1965,66500
651,-60.76,3,1,0,0.196,66503
652,-60.64,3,1,0,0.1955,66506
653,-60.4,3,1,0,0.195,66509
654,-60.4,3,1,0,0.1946,66512
655,-60.4,3,1,0,0.1941,66515
656,-60.4,3,1,0,0.1936,66518
657,-60.4,3,1,0,0.1931,66521
658,-60.4,3,1,0,0.1926,66524
659,-60.4,3,1,0,0.1921,66527
660,-60.76,3,1,0,0.1917,66530
661,-60.76,3,1,0,0.1912,66533
662,-60.1,3,1,0,0.1907,66536
663,-60.4,3,1,0,0.1902,66539
664,-60.76,3,1,0,0.1897,66542
665,-60.76,3,1,0,0.1893,66545
666,-60.1,3,1,0,0.1888,66548
667,-60.4,3,1,0,0.1883,66551
668,-60.76,3,1,0,0.1879,66554
669,-60.4,3,1,0,0.1874,66557
670,-60.1,3,1,0,0.1869,66560
671,-60.1,3,1,0,0.1864,66563
672,-60.61,3,1,0,0.186,66566
673,-60.61,3,1,0,0.1855,66569
674,-59.95,3,1,0,0.1851,66572
675,-60.61,3,1,0,0.1846,66575
676,-60.08,3,1,0,0.1841,66578
677,-59.8,3,1,0,0.1837,66581
678,-59.8,3,1,0,0.1832,66584
679,-60.08,3,1,0,0.1828,66587
680,-59.95,3,1,0,0.1823,66590
681,-59.8,3,1,0,0.1818,66593
682,-60.61,3,1,0,0.1814,66596
683,-60.08,3,1,0,0.1809,66599
684,-60.08,3,1,0,0.1805,66602
685,-60.9,3,1,0,0.18,66605
686,-60.08,3,1,0,0.1796,66608
687,-60.08,3,1,0,0.1791,66611
688,-60.76,3,1,0,0.1787,66614
689,-60.61,3,1,0,0.1782,66617
690,-60.1,3,1,0,0.1778,66620
691,-60.76,3,1,0,0.1773,66623
692,-59.95,3,1,0,0.1769,66626
693,-60.1,3,1,0,0.1765,66629
694,-60.1,3,1,0,0.176,66632
695,-60.1,3,1,0,0.1756,66635
696,-60.1,3,1,0,0.1751,66638
697,-60.1,3,1,0,0.1747,66641
698,-60.64,3,1,0,0.1743,66644
699,-60.1,3,1,0,0.1738,66647
700,-60.64,3,1,0,0.1734,66650
701,-59.85,3,1,0,0.173,66653
702,-60.61,3,1,0,0.1725,66656
703,-60.64,3,1,0,0.1721,66659
704,-60.64,3,1,0,0.1717,66662
705,-60.4,3,1,0,0.1712,66665
706,-60.64,3,1,0,0.1708,66668
707,-60.64,3,1,0,0.1704,66671
708,-60.4,3,1,0,0.17,66674
709,-60.64,3,1,0,0.1695,66677
710,-60.64,3,1,0,0.1691,66680
711,-60.64,3,1,0,0.1687,66683
712,-60.64,3,1,0,0.1683,66686
713,-59.85,3,1,0,0.1678,66689
714,-60.1,3,1,0,0.1674,66692
715,-59.85,3,1,0,0.167,66695
716,-59.85,3,1,0,0.1666,66698
717,-59.85,3,1,0,0.1662,66701
718,-60.1,3,1,0,0.1658,66704
719,-60.65,3,1,0,0.1653,66707
720,-60.1,3,1,0,0.1649,66710
721,-59.85,3,1,0,0.1645,66713
722,-60.76,3,1,0,0.1641,66716
723,-60.1,3,1,0,0.1637,66719
724,-60.1,3,1,0,0.1633,66722
725,-60.1,3,1,0,0.1629,66725
726,-60.9,3,1,0,0.1625,66728
727,-60.1,3,1,0,0.1621,66731
728,-60.1,3,1,0,0.1617,66734
729,-60.1,3,1,0,0.1613,66737
730,-60.76,3,1,0,0.1608,66740
731,-60.1,3,1,0,0.1604,66743
732,-60.1,3,1,0,0.16,66746
733,-60.76,3,1,0,0.1596,66749
734,-60.9,3,1,0,0.1592,66752
735,-60.9,3,1,0,0.1588,66755
736,-60.76,3,1,0,0.1585,66758
737,-60.1,3,1,0,0.1581,66761
738,-59.85,3,1,0,0.1577,66764
739,-59.85,3,1,0,0.1573,66767
740,-60.1,3,1,0,0.1569,66770
741,-59.85,3,1,0,0.1565,66773
742,-59.85,3,1,0,0.1561,66776
743,-60.65,3,1,0,0.1557,66779
744,-60.65,3,1,0,0.1553,66782
745,-59.85,3,1,0,0.1549,66785
746,-60.64,3,1,0,0.1545,66788
747,-60.1,3,1,0,0.1541,66791
748,-60.4,3,1,0,0.1538,66794
749,-60.4,3,1,0,0.1534,66797
750,-60.61,3,1,0,0.153,66800
751,-60.76,3,1,0,0.1526,66803
752,-60.4,3,1,0,0.1522,66806
753,-60.4,3,1,0,0.1519,66809
754,-60.4,3,1,0,0.1515,66812
755,-60.4,3,1,0,0.1511,66815
756,-60.76,3,1,0,0.1507,66818
757,-60.4,3,1,0,0.1503,66821
758,-60.4,3,1,0,0.15,66824
759,-60.4,3,1,0,0.1496,66827
760,-60.76,3,1,0,0.1492,66830
761,-60.4,3,1,0,0.1488,66833
762,-60.4,3,1,0,0.1485,66836
763,-60.64,3,1,0,0.1481,66839
764,-60.4,3,1,0,0.1477,66842
765,-60.64,3,1,0,0.1474,66845
766,-60.4,3,1,0,0.147,66848
767,-60.4,3,1,0,0.1466,66851
768,-60.4,3,1,0,0.1463,66854
769,-60.4,3,1,0,0.1459,66857
770,-60.4,3,1,0,0.1455,66860
771,-60.76,3,1,0,0.1452,66863
772,-60.1,3,1,0,0.1448,66866
773,-59.85,3,1,0,0.1444,66869
774,-60.65,3,1,0,0.1441,66872
775,-59.85,3,1,0,0.1437,66875
776,-60.1,3,1,0,0.1434,66878
777,-59.85,3,1,0,0.143,66881
778,-59.85,3,1,0,0.1426,66884
779,-60.1,3,1,0,0.1423,66887
780,-59.85,3,1,0,0.1419,66890
781,-60.65,3,1,0,0.1416,66893
782,-59.85,3,1,0,0.1412,66896
783,-60.4,3,1,0,0.1409,66899
784,-60.4,3,1,0,0.1405,66902
785,-60.4,3,1,0,0.1402,66905
786,-60.4,3,1,0,0.1398,66908
787,-60.4,3,1,0,0.1395,66911
788,-60.4,3,1,0,0.1391,66914
789,-60.76,3,1,0,0.1388,66917
790,-60.4,3,1,0,0.1384,66920
791,-60.4,3,1,0,0.1381,66923
792,-60.61,3,1,0,0.1377,66926
793,-60.4,3,1,0,0.1374,66929
794,-60.76,3,1,0,0.137,66932
795,-60.4,3,1,0,0.1367,66935
796,-60.4,3,1,0,0.1364,66938
797,-60.4,3,1,0,0.136,66941
798,-60.64,3,1,0,0.1357,66944
799,-60.4,3,1,0,0.1353,66947
800,-60.64,3,1,0,0.135,66950
801,-60.4,3,1,0,0.1347,66953
802,-60.61,3,1,0,0.1343,66956
803,-60.4,3,1,0,0.134,66959
804,-60.4,3,1,0,0.1337,66962
805,-60.4,3,1,0,0.1333,66965
806,-60.64,3,1,0,0.133,66968
807,-59.85,3,1,0,0.1327,66971
808,-60.64,3,1,0,0.1323,66974
809,-60.1,3,1,0,0.132,66977
810,-59.85,3,1,0,0.1317,66980
811,-59.85,3,1,0,0.1313,66983
812,-59.95,3,1,0,0.131,66986
813,-59.85,3,1,0,0.1307,66989
814,-59.85,3,1,0,0.1303,66992
815,-59.85,3,1,0,0.13,66995
816,-59.85,3,1,0,0.1297,66998
817,-59.85,3,1,0,0.1294,67001
818,-59.85,3,1,0,0.129,67004
819,-60.64,3,1,0,0.1287,67007
820,-59.85,3,1,0,0.1284,67010
821,-59.85,3,1,0,0.1281,67013
822,-59.85,3,1,0,0.1278,67016
823,-60.64,3,1,0,0.1274,67019
824,-60.76,3,1,0,0.1271,67022
825,-60.64,3,1,0,0.1268,67025
826,-60.64,3,1,0,0.1265,67028
827,-60.4,3,1,0,0.1262,67031
828,-60.4,3,1,0,0.1259,67034
829,-60.64,3,1,0,0.1255,67037
830,-60.61,3,1,0,0.1252,67040
831,-60.61,3,1,0,0.1249,67043
832,-60.64,3,1,0,0.1246,67046
833,-60.76,3,1,0,0.1243,67049
834,-60.76,3,1,0,0.124,67052
835,-60.1,3,1,0,0.1237,67055
836,-60.1,3,1,0,0.1234,67058
837,-60.4,3,1,0,0.1231,67061
838,-60.76,3,1,0,0.1227,67064
839,-60.1,3,1,0,0.1224,67067
840,-60.4,3,1,0,0.1221,67070
841,-60.76,3,1,0,0.1218,67073
842,-60.4,3,1,0,0.1215,67076
843,-60.76,3,1,0,0.1212,67079
844,-60.4,3,1,0,0.1209,67082
845,-60.4,3,1,0,0.1206,67085
846,-60.1,3,1,0,0.1203,67088
847,-60.4,3,1,0,0.12,67091
848,-60.76,3,1,0,0.1197,67094
849,-60.1,3,1,0,0.1194,67097
850,-60.1,3,1,0,0.1191,67100
851,-60.1,3,1,0,0.1188,67103
852,-60.1,3,1,0,0.1185,67106
853,-60.1,3,1,0,0.1182,67109
854,-60.1,3,1,0,0.1179,67112
855,-60.1,3,1,0,0.1176,67115
856,-60.1,3,1,0,0.1173,67118
857,-60.1,3,1,0,0.117,67121
858,-60.9,3,1,0,0.1168,67124
859,-60.1,3,1,0,0.1165,67127
860,-60.9,3,1,0,0.1162,67130
861,-60.9,3,1,0,0.1159,67133
862,-60.1,3,1,0,0.1156,67136
863,-60.1,3,1,0,0.1153,67139
864,-60.1,3,1,0,0.115,67142
865,-60.1,3,1,0,0.1147,67145
866,-60.1,3,1,0,0.1144,67148
867,-60.1,3,1,0,0.1142,67151
868,-60.1,3,1,0,0.1139,67154
869,-60.1,3,1,0,0.1136,67157
870,-60.1,3,1,0,0.1133,67160
871,-59.85,3,1,0,0.113,67163
872,-59.85,3,1,0,0.1127,67166
873,-59.85,3,1,0,0.1125,67169
874,-59.85,3,1,0,0.1122,67172
875,-59.85,3,1,0,0.1119,67175
876,-59.85,3,1,0,0.1116,67178
877,-60.65,3,1,0,0.1113,67181
878,-59.85,3,1,0,0.1111,67184
879,-60.1,3,1,0,0.1108,67187
880,-60.1,3,1,0,0.1105,67190
881,-60.1,3,1,0,0.1102,67193
882,-60.1,3,1,0,0.1099,67196
883,-60.1,3,1,0,0.1097,67199
884,-60.1,3,1,0,0.1094,67202
885,-60.1,3,1,0,0.1091,67205
886,-60.1,3,1,0,0.1089,67208
887,-60.1,3,1,0,0.1086,67211
888,-60.9,3,1,0,0.1083,67214
889,-60.1,3,1,0,0.108,67217
890,-60.08,3,1,0,0.1078,67220
891,-60.1,3,1,0,0.1075,67223
892,-60.08,3,1,0,0.1072,67226
893,-60.1,3,1,0,0.107,67229
894,-60.1,3,1,0,0.1067,67232
895,-60.1,3,1,0,0.1064,67235
896,-60.1,3,1,0,0.1062,67238
897,-60.1,3,1,0,0.1059,67241
898,-60.08,3,1,0,0.1056,67244
899,-60.08,3,1,0,0.1054,67247
900,-60.1,3,1,0,0.1051,67250
901,-60.1,3,1,0,0.1048,67253
902,-59.85,3,1,0,0.1046,67256
903,-60.1,3,1,0,0.1043,67259
904,-59.85,3,1,0,0.1041,67262
905,-60.1,3,1,0,0.1038,67265
906,-60.1,3,1,0,0.1035,67268
907,-60.1,3,1,0,0.1033,67271
908,-60.1,3,1,0,0.103,67274
909,-60.1,3,1,0,0.1028,67277
910,-60.1,3,1,0,0.1025,67280
911,-60.1,3,1,0,0.1022,67283
912,-60.1,3,1,0,0.102,67286
913,-60.1,3,1,0,0.1017,67289
914,-60.1,3,1,0,0.1015,67292
915,-60.1,3,1,0,0.1012,67295
916,-60.76,3,1,0,0.101,67298
917,-60.08,3,1,0,0.1007,67301
918,-60.76,3,1,0,0.1005,67304
919,-59.85,3,1,0,0.1002,67307
920,-59.85,3,1,0,0.1,67310
921,-59.85,3,1,0,0.0997,67313
922,-59.85,3,1,0,0.0995,67316
923,-59.85,3,1,0,0.0992,67319
924,-59.85,3,1,0,0.099,67322
925,-59.85,3,1,0,0.0987,67325
926,-59.85,3,1,0,0.0985,67328
927,-60.64,3,1,0,0.0982,67331
928,-60.4,3,1,0,0.098,67334
929,-60.1,3,1,0,0.0977,67337
930,-60.76,3,1,0,0.0975,67340
931,-60.4,3,1,0,0.0973,67343
932,-60.76,3,1,0,0.097,67346
933,-60.4,3,1,0,0.0968,67349
934,-60.4,3,1,0,0.0965,67352
935,-60.4,3,1,0,0.0963,67355
936,-60.4,3,1,0,0.096,67358
937,-60.64,3,1,0,0.0958,67361
938,-60.76,3,1,0,0.0956,67364
939,-60.76,3,1,0,0.0953,67367
940,-60.76,3,1,0,0.0951,67370
941,-60.4,3,1,0,0.0949,67373
942,-60.76,3,1,0,0.0946,67376
943,-60.76,3,1,0,0.0944,67379
944,-60.76,3,1,0,0.0941,67382
945,-60.61,3,1,0,0.0939,67385
946,-60.08,3,1,0,0.0937,67388
947,-60.61,3,1,0,0.0934,67391
948,-60.08,3,1,0,0.0932,67394
949,-59.95,3,1,0,0.093,67397
950,-59.95,3,1,0,0.0927,67400
951,-59.8,3,1,0,0.0925,67403
952,-59.95,3,1,0,0.0923,67406
953,-59.8,3,1,0,0.092,67409
954,-59.8,3,1,0,0.0918,67412
955,-59.95,3,1,0,0.0916,67415
956,-60.08,3,1,0,0.0914,67418
957,-59.8,3,1,0,0.0911,67421
958,-59.8,3,1,0,0.0909,67424
959,-59.8,3,1,0,0.0907,67427
960,-60.61,3,1,0,0.0904,67430
961,-60.1,3,1,0,0.0902,67433
962,-59.8,3,1,0,0.09,67436
963,-60.08,3,1,0,0.0898,67439
964,-59.8,3,1,0,0.0895,67442
965,-59.8,3,1,0,0.0893,67445
966,-59.8,3,1,0,0.0891,67448
967,-60.08,3,1,0,0.0889,67451
968,-59.8,3,1,0,0.0887,67454
969,-59.8,3,1,0,0.0884,67457
970,-59.8,3,1,0,0.0882,67460
971,-59.8,3,1,0,0.088,67463
972,-59.95,3,1,0,0.0878,67466
973,-60.08,3,1,0,0.0875,67469
974,-60.1,3,1,0,0.0873,67472
975,-60.1,3,1,0,0.0871,67475
976,-60.1,3,1,0,0.0869,67478
977,-60.64,3,1,0,0.0867,67481
978,-60.4,3,1,0,0.0865,67484
979,-60.4,3,1,0,0.0862,67487
980,-60.64,3,1,0,0.086,67490
981,-60.4,3,1,0,0.0858,67493
982,-60.4,3,1,0,0.0856,67496
983,-60.4,3,1,0,0.0854,67499
984,-60.4,3,1,0,0.0852,67502
985,-60.4,3,1,0,0.085,67505
986,-60.4,3,1,0,0.0847,67508
987,-60.4,3,1,0,0.0845,67511
988,-60.4,3,1,0,0.0843,67514
989,-60.4,3,1,0,0.0841,67517
990,-60.76,3,1,0,0.0839,67520
991,-60.4,3,1,0,0.0837,67523
992,-60.4,3,1,0,0.0835,67526
993,-60.64,3,1,0,0.0833,67529
994,-59.85,3,1,0,0.0831,67532
995,-59.85,3,1,0,0.0829,67535
996,-59.85,3,1,0,0.0827,67538
997,-60.64,3,1,0,0.0824,67541
998,-59.85,3,1,0,0.0822,67544
999,-60.1,3,1,0,0.082,67547
1000,-59.85,3,1,0,0.0818,67550
1001,-59.85,3,1,0,0.0816,67553
1002,-59.85,3,1,0,0.0814,67556
1003,-59.85,3,1,0,0.0812,67559
1004,-59.85,3,1,0,0.081,67562
1005,-59.85,3,1,0,0.0808,67565
1006,-59.85,3,1,0,0.0806,67568
1007,-59.85,3,1,0,0.0804,67571
1008,-59.85,3,1,0,0.0802,67574
1009,-59.85,3,1,0,0.08,67577
1010,-59.85,3,1,0,0.0798,67580
1011,-60.64,3,1,0,0.0796,67583
1012,-60.64,3,1,0,0.0794,67586
1013,-60.64,3,1,0,0.0792,67589
1014,-60.64,3,1,0,0.079,67592
1015,-59.85,3,1,0,0.0788,67595
1016,-59.85,3,1,0,0.0786,67598
1017,-60.64,3,1,0,0.0784,67601
1018,-60.4,3,1,0,0.0782,67604
1019,-60.4,3,1,0,0.078,67607
1020,-60.4,3,1,0,0.0778,67610
1021,-60.4,3,1,0,0.0776,67613
1022,-60.4,3,1,0,0.0774,67616
1023,-60.64,3,1,0,0.0773,67619
1024,-60.4,3,1,0,0.0771,67622
1025,-59.85,3,1,0,0.0769,67625
1026,-59.85,3,1,0,0.0767,67628
1027,-59.85,3,1,0,0.0765,67631
1028,-60.1,3,1,0,0.0763,67634
1029,-59.85,3,1,0,0.0761,67637
1030,-59.95,3,1,0,0.0759,67640
1031,-59.85,3,1,0,0.0757,67643
1032,-59.95,3,1,0,0.0755,67646
1033,-59.8,3,1,0,0.0753,67649
1034,-59.95,3,1,0,0.0752,67652
1035,-59.8,3,1,0,0.075,67655
1036,-59.95,3,1,0,0.0748,67658
1037,-60.08,3,1,0,0.0746,67661
1038,-60.08,3,1,0,0.0744,67664
1039,-59.8,3,1,0,0.0742,67667
1040,-60.1,3,1,0,0.074,67670
1041,-60.9,3,1,0,0.0738,67673
1042,-60.08,3,1,0,0.0737,67676
1043,-60.1,3,1,0,0.0735,67679
1044,-60.1,3,1,0,0.0733,67682
1045,-59.8,3,1,0,0.0731,67685
1046,-60.08,3,1,0,0.0729,67688
1047,-60.1,3,1,0,0.0727,67691
1048,-60.1,3,1,0,0.0726,67694
1049,-60.1,3,1,0,0.0724,67697
1050,-60.1,3,1,0,0.0722,67700
1051,-60.1,3,1,0,0.072,67703
1052,-60.1,3,1,0,0.0718,67706
1053,-60.1,3,1,0,0.0717,67709
1054,-60.1,3,1,0,0.0715,67712
1055,-60.1,3,1,0,0.0713,67715
1056,-60.1,3,1,0,0.0711,67718
1057,-60.1,3,1,0,0.0709,67721
1058,-60.1,3,1,0,0.0708,67724
1059,-60.1,3,1,0,0.0706,67727
1060,-60.1,3,1,0,0.0704,67730
1061,-60.1,3,1,0,0.0702,67733
1062,-59.85,3,1,0,0.0701,67736
1063,-60.08,3,1,0,0.0699,67739
1064,-60.1,3,1,0,0.0697,67742
1065,-59.85,3,1,0,0.0695,67745
1066,-60.65,3,1,0,0.0694,67748
1067,-60.1,3,1,0,0.0692,67751
1068,-60.1,3,1,0,0.069,67754
1069,-60.1,3,1,0,0.0688,67757
1070,-60.1,3,1,0,0.0687,67760
1071,-60.1,3,1,0,0.0685,67763
1072,-60.1,3,1,0,0.0683,67766
1073,-60.1,3,1,0,0.0682,67769
1074,-60.1,3,1,0,0.068,67772
1075,-60.1,3,1,0,0.0678,67775
1076,-60.1,3,1,0,0.0677,67778
1077,-60.1,3,1,0,0.0675,67781
1078,-60.1,3,1,0,0.0673,67784
1079,-60.1,3,1,0,0.0671,67787
1080,-60.9,3,1,0,0.067,67790
1081,-60.9,3,1,0,0.0668,67793
1082,-60.9,3,1,0,0.0666,67796
1083,-60.08,3,1,0,0.0665,67799
1084,-59.85,3,1,0,0.0663,67802
1085,-59.85,3,1,0,0.0661,67805
1086,-59.85,3,1,0,0.066,67808
1087,-59.85,3,1,0,0.0658,67811
1088,-60.64,3,1,0,0.0657,67814
1089,-59.85,3,1,0,0.0655,67817
1090,-60.65,3,1,0,0.0653,67820
1091,-59.85,3,1,0,0.0652,67823
1092,-59.85,3,1,0,0.065,67826
1093,-59.85,3,1,0,0.0648,67829
1094,-59.85,3,1,0,0.0647,67832
1095,-59.85,3,1,0,0.0645,67835
1096,-59.85,3,1,0,0.0643,67838
1097,-59.85,3,1,0,0.0642,67841
1098,-59.85,3,1,0,0.064,67844
1099,-59.85,3,1,0,0.0639,67847
1100,-59.85,3,1,0,0.0637,67850
1101,-60.1,3,1,0,0.0635,67853
1102,-59.85,3,1,0,0.0634,67856
1103,-59.85,3,1,0,0.0632,67859
1104,-60.1,3,1,0,0.0631,67862
1105,-59.85,3,1,0,0.0629,67865
1106,-60.1,3,1,0,0.0628,67868
1107,-60.1,3,1,0,0.0626,67871
1108,-60.08,3,1,0,0.0624,67874
1109,-60.9,3,1,0,0.0623,67877
1110,-60.1,3,1,0,0.0621,67880
1111,-60.76,3,1,0,0.062,67883
1112,-60.1,3,1,0,0.0618,67886
1113,-60.1,3,1,0,0.0617,67889
1114,-60.1,3,1,0,0.0615,67892
1115,-60.1,3,1,0,0.0614,67895
1116,-60.76,3,1,0,0.0612,67898
1117,-60.1,3,1,0,0.0611,67901
1118,-60.76,3,1,0,0.0609,67904
1119,-60.4,3,1,0,0.0607,67907
1120,-60.64,3,1,0,0.0606,67910
1121,-60.61,3,1,0,0.0604,67913
1122,-60.4,3,1,0,0.0603,67916
1123,-60.61,3,1,0,0.0601,67919
1124,-60.61,3,1,0,0.06,67922
1125,-60.61,3,1,0,0.0598,67925
1126,-60.4,3,1,0,0.0597,67928
1127,-60.4,3,1,0,0.0595,67931
1128,-60.61,3,1,0,0.0594,67934
1129,-59.85,3,1,0,0.0592,67937
1130,-59.85,3,1,0,0.0591,67940
1131,-59.85,3,1,0,0.059,67943
1132,-59.85,3,1,0,0.0588,67946
1133,-59.85,3,1,0,0.0587,67949
1134,-59.85,3,1,0,0.0585,67952
1135,-59.85,3,1,0,0.0584,67955
1136,-60.1,3,1,0,0.0582,67958
1137,-59.85,3,1,0,0.0581,67961
1138,-60.1,3,1,0,0.0579,67964
1139,-60.1,3,1,0,0.0578,67967
1140,-60.1,3,1,0,0.0576,67970
1141,-60.1,3,1,0,0.0575,67973
1142,-60.1,3,1,0,0.0574,67976
1143,-60.1,3,1,0,0.0572,67979
1144,-60.1,3,1,0,0.0571,67982
1145,-60.1,3,1,0,0.0569,67985
1146,-60.1,3,1,0,0.0568,67988
1147,-60.9,3,1,0,0.0566,67991
1148,-60.1,3,1,0,0.0565,67994
1149,-60.76,3,1,0,0.0564,67997
1150,-60.1,3,1,0,0.0562,68000
1151,-60.1,3,1,0,0.0561,68003
1152,-60.76,3,1,0,0.0559,68006
1153,-60.1,3,1,0,0.0558,68009
1154,-60.1,3,1,0,0.0557,68012
1155,-60.9,3,1,0,0.0555,68015
1156,-60.1,3,1,0,0.0554,68018
1157,-60.1,3,1,0,0.0552,68021
1158,-60.1,3,1,0,0.0551,68024
1159,-60.1,3,1,0,0.055,68027
1160,-60.1,3,1,0,0.0548,68030
1161,-60.1,3,1,0,0.0547,68033
1162,-60.1,3,1,0,0.0546,68036
1163,-60.1,3,1,0,0.0544,68039
1164,-60.1,3,1,0,0.0543,68042
1165,-60.1,3,1,0,0.0541,68045
1166,-60.1,3,1,0,0.054,68048
1167,-60.1,3,1,0,0.0539,68051
1168,-60.1,3,1,0,0.0537,68054
1169,-60.76,3,1,0,0.0536,68057
1170,-60.64,3,1,0,0.0535,68060
1171,-59.85,3,1,0,0.0533,68063
1172,-59.85,3,1,0,0.0532,68066
1173,-59.85,3,1,0,0.0531,68069
1174,-59.85,3,1,0,0.0529,68072
1175,-59.85,3,1,0,0.0528,68075
1176,-59.85,3,1,0,0.0527,68078
1177,-59.85,3,1,0,0.0525,68081
1178,-59.85,3,1,0,0.0524,68084
1179,-59.85,3,1,0,0.0523,68087
1180,-60.64,3,1,0,0.0521,68090
1181,-59.85,3,1,0,0.052,68093
1182,-59.95,3,1,0,0.0519,68096
1183,-59.85,3,1,0,0.0518,68099
1184,-60.1,3,1,0,0.0516,68102
1185,-59.85,3,1,0,0.0515,68105
1186,-59.85,3,1,0,0.0514,68108
1187,-60.1,3,1,0,0.0512,68111
1188,-60.1,3,1,0,0.0511,68114
1189,-60.1,3,1,0,0.051,68117
1190,-60.1,3,1,0,0.0509,68120
1191,-60.1,3,1,0,0.0507,68123
1192,-60.1,3,1,0,0.0506,68126
1193,-60.1,3,1,0,0.0505,68129
1194,-60.1,3,1,0,0.0504,68132
1195,-60.1,3,1,0,0.0502,68135
1196,-60.1,3,1,0,0.0501,68138
1197,-60.1,3,1,0,0.05,68141
1198,-60.1,3,1,0,0.0498,68144
1199,-60.1,3,1,0,0.0497,68147
1200,-60.76,3,1,0,0.0496,68150
1201,-60.9,3,1,0,0.0495,68153
1202,-60.64,3,1,0,0.0494,68156
1203,-60.1,3,1,0,0.0492,68159
1204,-60.76,3,1,0,0.0491,68162
1205,-60.76,3,1,0,0.049,68165
1206,-60.1,3,1,0,0.0489,68168
1207,-60.1,3,1,0,0.0487,68171
1208,-60.08,3,1,0,0.0486,68174
1209,-60.1,3,1,0,0.0485,68177
1210,-59.8,3,1,0,0.0484,68180
1211,-60.08,3,1,0,0.0483,68183
1212,-60.08,3,1,0,0.0481,68186
1213,-60.08,3,1,0,0.048,68189
1214,-59.8,3,1,0,0.0479,68192
1215,-59.8,3,1,0,0.0478,68195
1216,-60.76,3,1,0,0.0477,68198
1217,-60.1,3,1,0,0.0475,68201
1218,-59.8,3,1,0,0.0474,68204
1219,-59.8,3,1,0,0.0473,68207
1220,-60.61,3,1,0,0.0472,68210
1221,-59.8,3,1,0,0.0471,68213
1222,-59.8,3,1,0,0.0469,68216
1223,-59.8,3,1,0,0.0468,68219
1224,-60.76,3,1,0,0.0467,68222
1225,-60.76,3,1,0,0.0466,68225
1226,-60.4,3,1,0,0.0465,68228
1227,-60.4,3,1,0,0.0464,68231
1228,-60.76,3,1,0,0.0462,68234
1229,-60.4,3,1,0,0.0461,68237
1230,-60.4,3,1,0,0.046,68240
1231,-60.4,3,1,0,0.0459,68243
1232,-60.76,3,1,0,0.0458,68246
1233,-60.76,3,1,0,0.0457,68249
1234,-60.76,3,1,0,0.0456,68252
1235,-60.76,3,1,0,0.0454,68255
1236,-60.1,3,1,0,0.0453,68258
1237,-60.1,3,1,0,0.0452,68261
1238,-59.85,3,1,0,0.0451,68264
1239,-60.1,3,1,0,0.045,68267
1240,-59.85,3,1,0,0.0449,68270
1241,-60.1,3,1,0,0.0448,68273
1242,-60.1,3,1,0,0.0447,68276
1243,-60.1,3,1,0,0.0445,68279
1244,-60.1,3,1,0,0.0444,68282
1245,-60.1,3,1,0,0.0443,68285
1246,-60.1,3,1,0,0.0442,68288
1247,-60.1,3,1,0,0.0441,68291
1248,-60.1,3,1,0,0.044,68294
1249,-60.08,3,1,0,0.0439,68297
1250,-60.1,3,1,0,0.0438,68300
1251,-59.85,3,1,0,0.0437,68303
1252,-59.85,3,1,0,0.0435,68306
1253,-59.85,3,1,0,0.0434,68309
1254,-59.85,3,1,0,0.0433,68312
1255,-59.85,3,1,0,0.0432,68315
1256,-59.85,3,1,0,0.0431,68318
1257,-60.64,3,1,0,0.043,68321
1258,-60.1,3,1,0,0.0429,68324
1259,-60.1,3,1,0,0.0428,68327
1260,-59.85,3,1,0,0.0427,68330
1261,-60.08,3,1,0,0.0426,68333
1262,-59.95,3,1,0,0.0425,68336
1263,-60.08,3,1,0,0.0424,68339
1264,-59.8,3,1,0,0.0423,68342
1265,-60.1,3,1,0,0.0422,68345
1266,-60.1,3,1,0,0.042,68348
1267,-60.1,3,1,0,0.0419,68351
1268,-60.1,3,1,0,0.0418,68354
1269,-60.1,3,1,0,0.0417,68357
1270,-60.1,3,1,0,0.0416,68360
1271,-60.9,3,1,0,0.0415,68363
1272,-60.1,3,1,0,0.0414,68366
1273,-60.1,3,1,0,0.0413,68369
1274,-60.1,3,1,0,0.0412,68372
1275,-60.1,3,1,0,0.0411,68375
1276,-60.1,3,1,0,0.041,68378
1277,-60.1,3,1,0,0.0409,68381
1278,-60.1,3,1,0,0.0408,68384
1279,-60.1,3,1,0,0.0407,68387
1280,-60.1,3,1,0,0.0406,68390
1281,-60.08,3,1,0,0.0405,68393
1282,-60.1,3,1,0,0.0404,68396
1283,-60.08,3,1,0,0.0403,68399
1284,-60.08,3,1,0,0.0402,68402
1285,-60.08,3,1,0,0.0401,68405
1286,-60.61,3,1,0,0.04,68408
1287,-59.8,3,1,0,0.0399,68411
1288,-60.08,3,1,0,0.0398,68414
1289,-59.8,3,1,0,0.0397,68417
1290,-59.8,3,1,0,0.0396,68420
1291,-60.08,3,1,0,0.0395,68423
1292,-59.8,3,1,0,0.0394,68426
1293,-60.08,3,1,0,0.0393,68429
1294,-60.08,3,1,0,0.0392,68432
1295,-60.08,3,1,0,0.0391,68435
1296,-59.8,3,1,0,0.039,68438
1297,-59.8,3,1,0,0.0389,68441
1298,-59.8,3,1,0,0.0388,68444
1299,-59.95,3,1,0,0.0387,68447
1300,-59.8,3,1,0,0.0386,68450
1301,-59.8,3,1,0,0.0385,68453
1302,-59.95,3,1,0,0.0384,68456
1303,-59.95,3,1,0,0.0383,68459
1304,-59.8,3,1,0,0.0382,68462
1305,-59.8,3,1,0,0.0381,68465
1306,-59.95,3,1,0,0.038,68468
1307,-59.8,3,1,0,0.0379,68471
1308,-59.95,3,1,0,0.0379,68474
1309,-60.08,3,1,0,0.0378,68477
1310,-59.8,3,1,0,0.0377,68480
1311,-59.8,3,1,0,0.0376,68483
1312,-59.8,3,1,0,0.0375,68486
1313,-60.08,3,1,0,0.0374,68489
1314,-60.9,3,1,0,0.0373,68492
1315,-60.08,3,1,0,0.0372,68495
1316,-60.08,3,1,0,0.0371,68498
1317,-60.1,3,1,0,0.037,68501
1318,-60.08,3,1,0,0.0369,68504
1319,-60.08,3,1,0,0.0368,68507
1320,-60.9,3,1,0,0.0367,68510
1321,-60.08,3,1,0,0.0366,68513
1322,-60.1,3,1,0,0.0365,68516
1323,-60.1,3,1,0,0.0365,68519
1324,-60.1,3,1,0,0.0364,68522
1325,-60.1,3,1,0,0.0363,68525
1326,-60.1,3,1,0,0.0362,68528
1327,-60.1,3,1,0,0.0361,68531
1328,-60.1,3,1,0,0.036,68534
1329,-60.1,3,1,0,0.0359,68537
1330,-60.1,3,1,0,0.0358,68540
1331,-60.1,3,1,0,0.0357,68543
1332,-60.1,3,1,0,0.0356,68546
1333,-60.1,3,1,0,0.0356,68549
1334,-60.1,3,1,0,0.0355,68552
1335,-60.1,3,1,0,0.0354,68555
1336,-60.1,3,1,0,0.0353,68558
1337,-60.1,3,1,0,0.0352,68561
1338,-59.85,3,1,0,0.0351,68564
1339,-59.85,3,1,0,0.035,68567
1340,-59.85,3,1,0,0.0349,68570
1341,-60.1,3,1,0,0.0349,68573
1342,-59.85,3,1,0,0.0348,68576
1343,-60.1,3,1,0,0.0347,68579
1344,-59.85,3,1,0,0.0346,68582
1345,-60.1,3,1,0,0.0345,68585
1346,-60.1,3,1,0,0.0344,68588
1347,-60.1,3,1,0,0.0343,68591
1348,-60.1,3,1,0,0.0342,68594
1349,-60.1,3,1,0,0.0342,68597
1350,-60.1,3,1,0,0.0341,68600
1351,-60.1,3,1,0,0.034,68603
1352,-60.1,3,1,0,0.0339,68606
1353,-60.1,3,1,0,0.0338,68609
1354,-60.1,3,1,0,0.0337,68612
1355,-59.85,3,1,0,0.0337,68615
1356,-60.1,3,1,0,0.0336,68618
1357,-60.64,3,1,0,0.0335,68621
1358,-60.64,3,1,0,0.0334,68624
1359,-60.64,3,1,0,0.0333,68627
1360,-60.76,3,1,0,0.0332,68630
1361,-60.76,3,1,0,0.0331,68633
1362,-59.85,3,1,0,0.0331,68636
1363,-60.1,3,1,0,0.033,68639
1364,-60.1,3,1,0,0.0329,68642
1365,-60.76,3,1,0,0.0328,68645
1366,-60.1,3,1,0,0.0327,68648
1367,-60.1,3,1,0,0.0327,68651
1368,-60.1,3,1,0,0.0326,68654
1369,-60.1,3,1,0,0.0325,68657
1370,-60.1,3,1,0,0.0324,68660
1371,-60.76,3,1,0,0.0323,68663
1372,-60.1,3,1,0,0.0322,68666
1373,-60.76,3,1,0,0.0322,68669
1374,-60.61,3,1,0,0.0321,68672
1375,-60.76,3,1,0,0.032,68675
1376,-60.1,3,1,0,0.0319,68678
1377,-60.1,3,1,0,0.0318,68681
1378,-60.1,3,1,0,0.0318,68684
1379,-60.1,3,1,0,0.0317,68687
1380,-60.61,3,1,0,0.0316,68690
1381,-60.08,3,1,0,0.0315,68693
1382,-60.1,3,1,0,0.0315,68696
1383,-60.08,3,1,0,0.0314,68699
1384,-60.1,3,1,0,0.0313,68702
1385,-60.1,3,1,0,0.0312,68705
1386,-59.85,3,1,0,0.0311,68708
1387,-59.85,3,1,0,0.0311,68711
1388,-59.85,3,1,0,0.031,68714
1389,-60.1,3,1,0,0.0309,68717
1390,-60.76,3,1,0,0.0308,68720
1391,-60.64,3,1,0,0.0308,68723
1392,-60.1,3,1,0,0.0307,68726
1393,-60.1,3,1,0,0.0306,68729
1394,-60.9,3,1,0,0.0305,68732
1395,-60.1,3,1,0,0.0304,68735
1396,-60.1,3,1,0,0.0304,68738
1397,-60.1,3,1,0,0.0303,68741
1398,-60.9,3,1,0,0.0302,68744
1399,-60.1,3,1,0,0.0301,68747
1400,-60.1,3,1,0,0.0301,68750
1401,-60.1,3,1,0,0.03,68753
1402,-60.1,3,1,0,0.0299,68756
1403,-60.1,3,1,0,0.0298,68759
1404,-60.1,3,1,0,0.0298,68762
1405,-60.1,3,1,0,0.0297,68765
1406,-60.1,3,1,0,0.0296,68768
1407,-60.1,3,1,0,0.0295,68771
1408,-59.85,3,1,0,0.0295,68774
1409,-60.65,3,1,0,0.0294,68777
1410,-59.85,3,1,0,0.0293,68780
1411,-59.85,3,1,0,0.0292,68783
1412,-59.95,3,1,0,0.0292,68786
1413,-59.85,3,1,0,0.0291,68789
1414,-60.1,3,1,0,0.029,68792
1415,-59.8,3,1,0,0.029,68795
1416,-60.08,3,1,0,0.0289,68798
1417,-60.1,3,1,0,0.0288,68801
1418,-60.1,3,1,0,0.0287,68804
1419,-60.1,3,1,0,0.0287,68807
1420,-60.1,3,1,0,0.0286,68810
1421,-60.76,3,1,0,0.0285,68813
1422,-60.4,3,1,0,0.0285,68816
1423,-60.76,3,1,0,0.0284,68819
1424,-60.4,3,1,0,0.0283,68822
1425,-60.4,3,1,0,0.0282,68825
1426,-60.61,3,1,0,0.0282,68828
1427,-60.1,3,1,0,0.0281,68831
1428,-60.64,3,1,0,0.028,68834
1429,-60.4,3,1,0,0.028,68837
1430,-60.1,3,1,0,0.0279,68840
1431,-60.1,3,1,0,0.0278,68843
1432,-60.76,3,1,0,0.0278,68846
1433,-60.4,3,1,0,0.0277,68849
1434,-60.76,3,1,0,0.0276,68852
1435,-60.76,3,1,0,0.0275,68855
1436,-60.76,3,1,0,0.0275,68858
1437,-60.4,3,1,0,0.0274,68861
1438,-60.08,3,1,0,0.0273,68864
1439,-60.61,3,1,0,0.0273,68867
1440,-59.8,3,1,0,0.0272,68870
1441,-59.8,3,1,0,0.0271,68873
1442,-59.8,3,1,0,0.0271,68876
1443,-60.61,3,1,0,0.027,68879
1444,-59.8,3,1,0,0.0269,68882
1445,-59.8,3,1,0,0.0269,68885
1446,-60.61,3,1,0,0.0268,68888
1447,-60.08,3,1,0,0.0267,68891
1448,-60.76,3,1,0,0.0267,68894
1449,-60.61,3,1,0,0.0266,68897
1450,-60.61,3,1,0,0.0265,68900
1451,-60.76,3,1,0,0.0265,68903
1452,-60.08,3,1,0,0.0264,68906
1453,-60.9,3,1,0,0.0263,68909
1454,-60.08,3,1,0,0.0263,68912
1455,-60.4,3,1,0,0.0262,68915
1456,-60.61,3,1,0,0.0261,68918
1457,-60.08,3,1,0,0.0261,68921
1458,-60.1,3,1,0,0.026,68924
1459,-60.1,3,1,0,0.0259,68927
1460,-60.1,3,1,0,0.0259,68930
1461,-59.85,3,1,0,0.0258,68933
1462,-59.85,3,1,0,0.0257,68936
1463,-59.85,3,1,0,0.0257,68939
1464,-59.85,3,1,0,0.0256,68942
1465,-60.64,3,1,0,0.0256,68945
1466,-59.85,3,1,0,0.0255,68948
1467,-60.4,3,1,0,0.0254,68951
1468,-60.4,3,1,0,0.0254,68954
1469,-59.85,3,1,0,0.0253,68957
1470,-59.85,3,1,0,0.0252,68960
1471,-59.85,3,1,0,0.0252,68963
1472,-59.85,3,1,0,0.0251,68966
1473,-59.85,3,1,0,0.025,68969
1474,-59.85,3,1,0,0.025,68972
1475,-59.85,3,1,0,0.0249,68975
1476,-60.1,3,1,0,0.0249,68978
1477,-60.1,3,1,0,0.0248,68981
1478,-59.95,3,1,0,0.0247,68984
1479,-60.08,3,1,0,0.0247,68987
1480,-60.08,3,1,0,0.0246,68990
1481,-60.08,3,1,0,0.0245,68993
1482,-60.08,3,1,0,0.0245,68996
1483,-60.08,3,1,0,0.0244,68999
1484,-60.08,3,1,0,0.0244,69002
1485,-60.76,3,1,0,0.0243,69005
1486,-60.08,3,1,0,0.0242,69008
1487,-59.8,3,1,0,0.0242,69011
1488,-59.8,3,1,0,0.0241,69014
1489,-59.8,3,1,0,0.0241,69017
1490,-59.8,3,1,0,0.024,69020
1491,-60.08,3,1,0,0.0239,69023
1492,-59.8,3,1,0,0.0239,69026
1493,-59.8,3,1,0,0.0238,69029
1494,-59.8,3,1,0,0.0238,69032
1495,-59.8,3,1,0,0.0237,69035
1496,-59.8,3,1,0,0.0236,69038
1497,-59.8,3,1,0,0.0236,69041
1498,-59.8,3,1,0,0.0235,69044
1499,-59.95,3,1,0,0.0235,69047
1500,-59.85,3,1,0,0.0234,69050
1501,-59.85,3,1,0,0.0233,69053
1502,-60.1,3,1,0,0.0233,69056
1503,-59.85,3,1,0,0.0232,69059
1504,-59.85,3,1,0,0.0232,69062
1505,-59.85,3,1,0,0.0231,69065
1506,-59.85,3,1,0,0.0231,69068
1507,-59.85,3,1,0,0.023,69071
1508,-59.85,3,1,0,0.0229,69074
1509,-59.85,3,1,0,0.0229,69077
1510,-59.85,3,1,0,0.0228,69080
1511,-59.85,3,1,0,0.0228,69083
1512,-59.85,3,1,0,0.0227,69086
1513,-59.85,3,1,0,0.0227,69089
1514,-59.85,3,1,0,0.0226,69092
1515,-60.08,3,1,0,0.0225,69095
1516,-60.08,3,1,0,0.0225,69098
1517,-59.8,3,1,0,0.0224,69101
1518,-60.08,3,1,0,0.0224,69104
1519,-59.8,3,1,0,0.0223,69107
1520,-59.8,3,1,0,0.0223,69110
1521,-59.8,3,1,0,0.0222,69113
1522,-60.1,3,1,0,0.0222,69116
1523,-60.08,3,1,0,0.0221,69119
1524,-60.1,3,1,0,0.022,69122
1525,-60.1,3,1,0,0.022,69125
1526,-59.85,3,1,0,0.0219,69128
1527,-60.64,3,1,0,0.0219,69131
1528,-60.65,3,1,0,0.0218,69134
1529,-60.4,3,1,0,0.0218,69137
1530,-60.4,3,1,0,0.0217,69140
1531,-60.4,3,1,0,0.0217,69143
1532,-60.4,3,1,0,0.0216,69146
1533,-60.4,3,1,0,0.0216,69149
1534,-60.4,3,1,0,0.0215,69152
1535,-60.64,3,1,0,0.0214,69155
1536,-60.4,3,1,0,0.0214,69158
1537,-60.4,3,1,0,0.0213,69161
1538,-60.64,3,1,0,0.0213,69164
1539,-59.85,3,1,0,0.0212,69167
1540,-59.95,3,1,0,0.0212,69170
1541,-60.61,3,1,0,0.0211,69173
1542,-60.64,3,1,0,0.0211,69176
1543,-59.8,3,1,0,0.021,69179
1544,-59.85,3,1,0,0.021,69182
1545,-60.65,3,1,0,0.0209,69185
1546,-59.95,3,1,0,0.0209,69188
1547,-59.85,3,1,0,0.0208,69191
1548,-59.85,3,1,0,0.0208,69194
1549,-59.85,3,1,0,0.0207,69197
1550,-59.85,3,1,0,0.0207,69200
1551,-59.85,3,1,0,0.0206,69203
1552,-59.85,3,1,0,0.0206,69206
1553,-59.85,3,1,0,0.0205,69209
1554,-59.85,3,1,0,0.0204,69212
1555,-59.85,3,1,0,0.0204,69215
1556,-59.85,3,1,0,0.0203,69218
1557,-59.85,3,1,0,0.0203,69221
1558,-59.85,3,1,0,0.0202,69224
1559,-59.85,3,1,0,0.0202,69227
1560,-60.1,3,1,0,0.0201,69230
1561,-60.08,3,1,0,0.0201,69233
1562,-60.1,3,1,0,0.02,69236
1563,-59.8,3,1,0,0.02,69239
1564,-60.1,3,1,0,0.02,69242
1565,-60.08,3,1,0,0.02,69245
1566,-60.1,3,1,0,0.02,69248
1567,-60.08,3,1,0,0.02,69251
1568,-60.1,3,1,0,0.02,69254
1569,-60.1,3,1,0,0.02,69257
1570,-60.1,3,1,0,0.02,69260
1571,-60.1,3,1,0,0.02,69263
1572,-60.1,3,1,0,0.02,69266
1573,-60.1,3,1,0,0.02,69269
1574,-60.1,3,1,0,0.02,69272
1575,-60.1,3,1,0,0.02,69275
1576,-60.9,3,1,0,0.02,69278
1577,-60.08,3,1,0,0.02,69281
1578,-59.8,3,1,0,0.02,69284
1579,-60.08,3,1,0,0.02,69287
1580,-60.08,3,1,0,0.02,69290
1581,-60.08,3,1,0,0.02,69293
1582,-60.1,3,1,0,0.02,69296
1583,-59.8,3,1,0,0.02,69299
1584,-60.08,3,1,0,0.02,69302
1585,-60.08,3,1,0,0.02,69305
1586,-60.08,3,1,0,0.02,69308
1587,-60.08,3,1,0,0.02,69311
1588,-60.1,3,1,0,0.02,69314
1589,-60.1,3,1,0,0.02,69317
1590,-60.1,3,1,0,0.02,69320
1591,-60.1,3,1,0,0.02,69323
1592,-60.1,3,1,0,0.02,69326
1593,-60.1,3,1,0,0.02,69329
1594,-60.1,3,1,0,0.02,69332
1595,-60.9,3,1,0,0.02,69335
1596,-60.1,3,1,0,0.02,69338
1597,-60.1,3,1,0,0.02,69341
1598,-60.1,3,1,0,0.02,69344
1599,-60.1,3,1,0,0.02,69347
1600,-59.85,3,1,0,0.02,69350
1601,-59.85,3,1,0,0.02,69353
1602,-59.85,3,1,0,0.02,69356
1603,-60.9,3,1,0,0.02,69359
1604,-60.65,3,1,0,0.02,69362
1605,-59.85,3,1,0,0.02,69365
1606,-59.85,3,1,0,0.02,69368
1607,-59.85,3,1,0,0.02,69371
1608,-60.65,3,1,0,0.02,69374
1609,-59.85,3,1,0,0.02,69377
1610,-60.65,3,1,0,0.02,69380
1611,-59.85,3,1,0,0.02,69383
1612,-59.95,3,1,0,0.02,69386
1613,-59.95,3,1,0,0.02,69389
1614,-60.1,3,1,0,0.02,69392
1615,-60.1,3,1,0,0.02,69395
1616,-60.1,3,1,0,0.02,69398
1617,-60.9,3,1,0,0.02,69401
1618,-60.1,3,1,0,0.02,69404
1619,-60.1,3,1,0,0.02,69407
1620,-60.9,3,1,0,0.02,69410
1621,-60.1,3,1,0,0.02,69413
1622,-60.1,3,1,0,0.02,69416
1623,-60.9,3,1,0,0.02,69419
1624,-60.1,3,1,0,0.02,69422
1625,-60.1,3,1,0,0.02,69425
1626,-60.1,3,1,0,0.02,69428
1627,-60.1,3,1,0,0.02,69431
1628,-60.9,3,1,0,0.02,69434
1629,-60.1,3,1,0,0.02,69437
1630,-60.08,3,1,0,0.02,69440
1631,-60.1,3,1,0,0.02,69443
1632,-60.1,3,1,0,0.02,69446
1633,-60.1,3,1,0,0.02,69449
1634,-60.1,3,1,0,0.02,69452
1635,-60.1,3,1,0,0.02,69455
1636,-60.1,3,1,0,0.02,69458
1637,-59.85,3,1,0,0.02,69461
1638,-59.85,3,1,0,0.02,69464
1639,-59.85,3,1,0,0.02,69467
1640,-59.85,3,1,0,0.02,69470
1641,-59.85,3,1,0,0.02,69473
1642,-59.85,3,1,0,0.02,69476
1643,-60.65,3,1,0,0.02,69479
1644,-60.64,3,1,0,0.02,69482
1645,-60.64,3,1,0,0.02,69485
1646,-60.4,3,1,0,0.02,69488
1647,-60.4,3,1,0,0.02,69491
1648,-60.4,3,1,0,0.02,69494
1649,-60.1,3,1,0,0.02,69497
1650,-60.64,3,1,0,0.02,69500
1651,-59.95,3,1,0,0.02,69503
1652,-60.1,3,1,0,0.02,69506
1653,-59.85,3,1,0,0.02,69509
1654,-60.1,3,1,0,0.02,69512
1655,-60.1,3,1,0,0.02,69515
1656,-60.1,3,1,0,0.02,69518
1657,-60.1,3,1,0,0.02,69521
1658,-59.8,3,1,0,0.02,69524
1659,-59.8,3,1,0,0.02,69527
1660,-59.85,3,1,0,0.02,69530
1661,-60.08,3,1,0,0.02,69533
1662,-59.85,3,1,0,0.02,69536
1663,-60.65,3,1,0,0.02,69539
1664,-59.95,3,1,0,0.02,69542
1665,-60.1,3,1,0,0.02,69545
1666,-59.85,3,1,0,0.02,69548
1667,-60.65,3,1,0,0.02,69551
1668,-59.95,3,1,0,0.02,69554
1669,-59.85,3,1,0,0.02,69557
1670,-59.95,3,1,0,0.02,69560
1671,-59.8,3,1,0,0.02,69563
1672,-59.8,3,1,0,0.02,69566
1673,-59.8,3,1,0,0.02,69569
1674,-59.8,3,1,0,0.02,69572
1675,-59.8,3,1,0,0.02,69575
1676,-59.8,3,1,0,0.02,69578
1677,-59.8,3,1,0,0.02,69581
1678,-60.61,3,1,0,0.02,69584
1679,-60.61,3,1,0,0.02,69587
1680,-60.61,3,1,0,0.02,69590
1681,-60.4,3,1,0,0.02,69593
1682,-60.4,3,1,0,0.02,69596
1683,-60.4,3,1,0,0.02,69599
1684,-60.4,3,1,0,0.02,69602
1685,-60.64,3,1,0,0.02,69605
1686,-60.64,3,1,0,0.02,69608
1687,-60.4,3,1,0,0.02,69611
1688,-60.64,3,1,0,0.02,69614
1689,-60.64,3,1,0,0.02,69617
1690,-59.85,3,1,0,0.02,69620
1691,-60.1,3,1,0,0.02,69623
1692,-60.1,3,1,0,0.02,69626
1693,-60.1,3,1,0,0.02,69629
1694,-60.1,3,1,0,0.02,69632
1695,-60.1,3,1,0,0.02,69635
1696,-60.1,3,1,0,0.02,69638
1697,-60.1,3,1,0,0.02,69641
1698,-60.1,3,1,0,0.02,69644
1699,-60.9,3,1,0,0.02,69647
1700,-60.1,3,1,0,0.02,69650
1701,-60.1,3,1,0,0.02,69653
1702,-60.1,3,1,0,0.02,69656
1703,-60.1,3,1,0,0.02,69659
1704,-60.1,3,1,0,0.02,69662
1705,-60.1,3,1,0,0.02,69665
1706,-60.1,3,1,0,0.02,69668
1707,-60.4,3,1,0,0.02,69671
1708,-60.4,3,1,0,0.02,69674
1709,-60.64,3,1,0,0.02,69677
1710,-59.85,3,1,0,0.02,69680
1711,-59.85,3,1,0,0.02,69683
1712,-59.85,3,1,0,0.02,69686
1713,-60.64,3,1,0,0.02,69689
1714,-59.85,3,1,0,0.02,69692
1715,-59.85,3,1,0,0.02,69695
1716,-59.95,3,1,0,0.02,69698
1717,-59.95,3,1,0,0.02,69701
1718,-59.8,3,1,0,0.02,69704
1719,-59.8,3,1,0,0.02,69707
1720,-59.8,3,1,0,0.02,69710
1721,-59.8,3,1,0,0.02,69713
1722,-60.08,3,1,0,0.02,69716
1723,-60.1,3,1,0,0.02,69719
1724,-60.1,3,1,0,0.02,69722
1725,-60.1,3,1,0,0.02,69725
1726,-60.1,3,1,0,0.02,69728
1727,-60.1,3,1,0,0.02,69731
1728,-60.1,3,1,0,0.02,69734
1729,-59.85,3,1,0,0.02,69737
1730,-59.85,3,1,0,0.02,69740
1731,-59.85,3,1,0,0.02,69743
1732,-59.85,3,1,0,0.02,69746
1733,-60.64,3,1,0,0.02,69749
1734,-59.95,3,1,0,0.02,69752
1735,-60.64,3,1,0,0.02,69755
1736,-60.4,3,1,0,0.02,69758
1737,-60.64,3,1,0,0.02,69761
1738,-60.64,3,1,0,0.02,69764
1739,-60.64,3,1,0,0.02,69767
1740,-60.4,3,1,0,0.02,69770
1741,-60.1,3,1,0,0.02,69773
1742,-60.1,3,1,0,0.02,69776
1743,-59.85,3,1,0,0.02,69779
1744,-59.85,3,1,0,0.02,69782
1745,-60.1,3,1,0,0.02,69785
1746,-60.1,3,1,0,0.02,69788
1747,-60.76,3,1,0,0.02,69791
1748,-60.1,3,1,0,0.02,69794
1749,-60.1,3,1,0,0.02,69797
1750,-60.1,3,1,0,0.02,69800
1751,-60.1,3,1,0,0.02,69803
1752,-60.08,3,1,0,0.02,69806
1753,-60.08,3,1,0,0.02,69809
1754,-59.95,3,1,0,0.02,69812
1755,-59.85,3,1,0,0.02,69815
1756,-59.85,3,1,0,0.02,69818
1757,-60.1,3,1,0,0.02,69821
1758,-59.85,3,1,0,0.02,69824
1759,-60.1,3,1,0,0.02,69827
1760,-59.85,3,1,0,0.02,69830
1761,-60.1,3,1,0,0.02,69833
1762,-59.85,3,1,0,0.02,69836
1763,-60.64,3,1,0,0.02,69839
1764,-60.65,3,1,0,0.02,69842
1765,-59.85,3,1,0,0.02,69845
1766,-59.85,3,1,0,0.02,69848
1767,-60.1,3,1,0,0.02,69851
1768,-60.08,3,1,0,0.02,69854
1769,-59.95,3,1,0,0.02,69857
1770,-60.1,3,1,0,0.02,69860
1771,-59.95,3,1,0,0.02,69863
1772,-60.1,3,1,0,0.02,69866
1773,-59.95,3,1,0,0.02,69869
1774,-60.08,3,1,0,0.02,69872
1775,-59.95,3,1,0,0.02,69875
1776,-60.1,3,1,0,0.02,69878
1777,-60.1,3,1,0,0.02,69881
1778,-60.1,3,1,0,0.02,69884
1779,-59.85,3,1,0,0.02,69887
1780,-60.1,3,1,0,0.02,69890
1781,-60.1,3,1,0,0.02,69893
1782,-59.85,3,1,0,0.02,69896
1783,-59.85,3,1,0,0.02,69899
1784,-59.85,3,1,0,0.02,69902
1785,-60.1,3,1,0,0.02,69905
1786,-60.1,3,1,0,0.02,69908
1787,-60.1,3,1,0,0.02,69911
1788,-60.1,3,1,0,0.02,69914
1789,-60.1,3,1,0,0.02,69917
1790,-60.1,3,1,0,0.02,69920
1791,-60.1,3,1,0,0.02,69923
1792,-60.1,3,1,0,0.02,69926
1793,-60.76,3,1,0,0.02,69929
1794,-60.76,3,1,0,0.02,69932
1795,-60.4,3,1,0,0.02,69935
1796,-60.61,3,1,0,0.02,69938
1797,-60.61,3,1,0,0.02,69941
1798,-59.8,3,1,0,0.02,69944
1799,-59.8,3,1,0,0.02,69947
1800,-60.61,3,1,0,0.02,69950
1801,-59.8,3,1,0,0.02,69953
1802,-59.8,3,1,0,0.02,69956
1803,-59.8,3,1,0,0.02,69959
1804,-59.8,3,1,0,0.02,69962
1805,-59.8,3,1,0,0.02,69965
1806,-59.8,3,1,0,0.02,69968
1807,-59.8,3,1,0,0.02,69971
1808,-59.8,3,1,0,0.02,69974
1809,-59.8,3,1,0,0.02,69977
1810,-60.64,3,1,0,0.02,69980
1811,-60.64,3,1,0,0.02,69983
1812,-60.64,3,1,0,0.02,69986
1813,-60.64,3,1,0,0.02,69989
1814,-60.64,3,1,0,0.02,69992
1815,-59.85,3,1,0,0.02,69995
1816,-59.85,3,1,0,0.02,69998
1817,-59.85,3,1,0,0.02,70001
1818,-59.85,3,1,0,0.02,70004
1819,-59.85,3,1,0,0.02,70007
1820,-59.85,3,1,0,0.02,70010
1821,-59.85,3,1,0,0.02,70013
1822,-60.64,3,1,0,0.02,70016
1823,-59.85,3,1,0,0.02,70019
1824,-60.1,3,1,0,0.02,70022
1825,-60.1,3,1,0,0.02,70025
1826,-60.1,3,1,0,0.02,70028
1827,-60.1,3,1,0,0.02,70031
1828,-60.1,3,1,0,0.02,70034
1829,-60.1,3,1,0,0.02,70037
1830,-60.1,3,1,0,0.02,70040
1831,-60.1,3,1,0,0.02,70043
1832,-60.08,3,1,0,0.02,70046
1833,-60.1,3,1,0,0.02,70049
1834,-60.08,3,1,0,0.02,70052
1835,-60.08,3,1,0,0.02,70055
1836,-59.85,3,1,0,0.02,70058
1837,-59.85,3,1,0,0.02,70061
1838,-59.85,3,1,0,0.02,70064
1839,-59.85,3,1,0,0.02,70067
1840,-59.95,3,1,0,0.02,70070
1841,-59.95,3,1,0,0.02,70073
1842,-59.85,3,1,0,0.02,70076
1843,-59.85,3,1,0,0.02,70079
1844,-60.1,3,1,0,0.02,70082
1845,-59.85,3,1,0,0.02,70085
1846,-59.85,3,1,0,0.02,70088
1847,-59.85,3,1,0,0.02,70091
1848,-59.85,3,1,0,0.02,70094
1849,-59.85,3,1,0,0.02,70097
1850,-59.85,3,1,0,0.02,70100
1851,-59.85,3,1,0,0.02,70103
1852,-59.85,3,1,0,0.02,70106
1853,-60.64,3,1,0,0.02,70109
1854,-59.95,3,1,0,0.02,70112
1855,-59.8,3,1,0,0.02,70115
1856,-59.8,3,1,0,0.02,70118
1857,-59.8,3,1,0,0.02,70121
1858,-59.8,3,1,0,0.02,70124
1859,-59.8,3,1,0,0.02,70127
1860,-59.8,3,1,0,0.02,70130
1861,-59.8,3,1,0,0.02,70133
1862,-59.8,3,1,0,0.02,70136
1863,-59.8,3,1,0,0.02,70139
1864,-59.8,3,1,0,0.02,70142
1865,-60.1,3,1,0,0.02,70145
1866,-60.9,3,1,0,0.02,70148
1867,-60.1,3,1,0,0.02,70151
1868,-60.1,3,1,0,0.02,70154
1869,-60.1,3,1,0,0.02,70157
1870,-60.1,3,1,0,0.02,70160
1871,-60.1,3,1,0,0.02,70163
1872,-60.1,3,1,0,0.02,70166
1873,-59.85,3,1,0,0.02,70169
1874,-59.85,3,1,0,0.02,70172
1875,-60.1,3,1,0,0.02,70175
1876,-60.1,3,1,0,0.02,70178
1877,-60.1,3,1,0,0.02,70181
1878,-60.1,3,1,0,0.02,70184
1879,-60.1,3,1,0,0.02,70187
1880,-60.1,3,1,0,0.02,70190
1881,-60.1,3,1,0,0.02,70193
1882,-60.1,3,1,0,0.02,70196
1883,-60.1,3,1,0,0.02,70199
1884,-60.1,3,1,0,0.02,70202
1885,-60.1,3,1,0,0.02,70205
1886,-60.1,3,1,0,0.02,70208
1887,-60.1,3,1,0,0.02,70211
1888,-60.1,3,1,0,0.02,70214
1889,-60.1,3,1,0,0.02,70217
1890,-60.1,3,1,0,0.02,70220
1891,-60.1,3,1,0,0.02,70223
1892,-60.76,3,1,0,0.02,70226
1893,-60.08,3,1,0,0.02,70229
1894,-60.9,3,1,0,0.02,70232
1895,-60.61,3,1,0,0.02,70235
1896,-60.64,3,1,0,0.02,70238
1897,-59.85,3,1,0,0.02,70241
1898,-60.1,3,1,0,0.02,70244
1899,-60.1,3,1,0,0.02,70247
1900,-60.1,3,1,0,0.02,70250
1901,-59.85,3,1,0,0.02,70253
1902,-60.1,3,1,0,0.02,70256
1903,-59.85,3,1,0,0.02,70259
1904,-60.1,3,1,0,0.02,70262
1905,-60.1,3,1,0,0.02,70265
1906,-60.1,3,1,0,0.02,70268
1907,-60.1,3,1,0,0.02,70271
1908,-60.1,3,1,0,0.02,70274
1909,-60.1,3,1,0,0.02,70277
1910,-59.85,3,1,0,0.02,70280
1911,-59.85,3,1,0,0.02,70283
1912,-59.85,3,1,0,0.02,70286
1913,-59.8,3,1,0,0.02,70289
1914,-59.95,3,1,0,0.02,70292
1915,-59.8,3,1,0,0.02,70295
1916,-59.8,3,1,0,0.02,70298
1917,-59.8,3,1,0,0.02,70301
1918,-60.61,3,1,0,0.02,70304
1919,-60.61,3,1,0,0.02,70307
1920,-60.76,3,1,0,0.02,70310
1921,-60.61,3,1,0,0.02,70313
1922,-60.61,3,1,0,0.02,70316
1923,-59.8,3,1,0,0.02,70319
1924,-60.61,3,1,0,0.02,70322
1925,-59.8,3,1,0,0.02,70325
1926,-59.8,3,1,0,0.02,70328
1927,-59.8,3,1,0,0.02,70331
1928,-59.8,3,1,0,0.02,70334
1929,-59.8,3,1,0,0.02,70337
1930,-59.8,3,1,0,0.02,70340
1931,-59.8,3,1,0,0.02,70343
1932,-59.8,3,1,0,0.02,70346
1933,-59.8,3,1,0,0.02,70349
1934,-59.8,3,1,0,0.02,70352
1935,-59.8,3,1,0,0.02,70355
1936,-59.8,3,1,0,0.02,70358
1937,-59.8,3,1,0,0.02,70361
1938,-59.8,3,1,0,0.02,70364
1939,-59.8,3,1,0,0.02,70367
1940,-59.8,3,1,0,0.02,70370
1941,-60.1,3,1,0,0.02,70373
1942,-60.9,3,1,0,0.02,70376
1943,-60.1,3,1,0,0.02,70379
1944,-60.1,3,1,0,0.02,70382
1945,-60.1,3,1,0,0.02,70385
1946,-60.1,3,1,0,0.02,70388
1947,-60.1,3,1,0,0.02,70391
1948,-60.1,3,1,0,0.02,70394
1949,-60.9,3,1,0,0.02,70397
1950,-60.1,3,1,0,0.02,70400
1951,-60.9,3,1,0,0.02,70403
1952,-60.9,3,1,0,0.02,70406
1953,-60.9,3,1,0,0.02,70409
1954,-60.9,3,1,0,0.02,70412
1955,-60.1,3,1,0,0.02,70415
1956,-60.1,3,1,0,0.02,70418
1957,-60.1,3,1,0,0.02,70421
1958,-60.1,3,1,0,0.02,70424
1959,-60.1,3,1,0,0.02,70427
1960,-60.65,3,1,0,0.02,70430
1961,-59.85,3,1,0,0.02,70433
1962,-60.65,3,1,0,0.02,70436
1963,-60.65,3,1,0,0.02,70439
1964,-59.85,3,1,0,0.02,70442
1965,-59.8,3,1,0,0.02,70445
1966,-59.95,3,1,0,0.02,70448
1967,-60.61,3,1,0,0.02,70451
1968,-59.8,3,1,0,0.02,70454
1969,-60.1,3,1,0,0.02,70457
1970,-60.1,3,1,0,0.02,70460
1971,-60.1,3,1,0,0.02,70463
1972,-60.1,3,1,0,0.02,70466
1973,-60.9,3,1,0,0.02,70469
1974,-60.1,3,1,0,0.02,70472
1975,-60.1,3,1,0,0.02,70475
1976,-60.1,3,1,0,0.02,70478
1977,-60.1,3,1,0,0.02,70481
1978,-60.1,3,1,0,0.02,70484
1979,-60.1,3,1,0,0.02,70487
1980,-60.1,3,1,0,0.02,70490
1981,-60.1,3,1,0,0.02,70493
1982,-60.1,3,1,0,0.02,70496
1983,-60.9,3,1,0,0.02,70499
1984,-60.1,3,1,0,0.02,70502
1985,-60.1,3,1,0,0.02,70505
1986,-60.1,3,1,0,0.02,70508
1987,-60.1,3,1,0,0.02,70511
1988,-60.1,3,1,0,0.02,70514
1989,-60.1,3,1,0,0.02,70517
1990,-60.1,3,1,0,0.02,70520
1991,-60.1,3,1,0,0.02,70523
1992,-60.1,3,1,0,0.02,70526
1993,-60.1,3,1,0,0.02,70529
1994,-60.9,3,1,0,0.02,70532
1995,-60.1,3,1,0,0.02,70535
1996,-60.1,3,1,0,0.02,70538
1997,-60.1,3,1,0,0.02,70541
1998,-60.1,3,1,0,0.02,70544
1999,-60.1,3,1,0,0.02,70547
2000,-60.1,3,1,0,0.02,70550
2001,-60.1,3,1,0,0.02,70553
2002,-59.85,3,1,0,0.02,70556
2003,-59.95,3,1,0,0.02,70559
2004,-59.85,3,1,0,0.02,70562
2005,-59.85,3,1,0,0.02,70565
2006,-59.85,3,1,0,0.02,70568
2007,-59.85,3,1,0,0.02,70571
2008,-59.85,3,1,0,0.02,70574
2009,-59.85,3,1,0,0.02,70577
2010,-59.85,3,1,0,0.02,70580
2011,-60.1,3,1,0,0.02,70583
2012,-60.1,3,1,0,0.02,70586
2013,-60.1,3,1,0,0.02,70589
2014,-60.1,3,1,0,0.02,70592
2015,-60.1,3,1,0,0.02,70595
2016,-60.76,3,1,0,0.02,70598
2017,-60.1,3,1,0,0.02,70601
2018,-60.1,3,1,0,0.02,70604
2019,-60.1,3,1,0,0.02,70607
2020,-60.64,3,1,0,0.02,70610
2021,-60.1,3,1,0,0.02,70613
2022,-60.1,3,1,0,0.02,70616
2023,-60.1,3,1,0,0.02,70619
2024,-60.1,3,1,0,0.02,70622
2025,-60.1,3,1,0,0.02,70625
2026,-60.1,3,1,0,0.02,70628
2027,-60.1,3,1,0,0.02,70631
2028,-60.1,3,1,0,0.02,70634
2029,-60.1,3,1,0,0.02,70637
2030,-60.1,3,1,0,0.02,70640
2031,-60.1,3,1,0,0.02,70643
2032,-60.1,3,1,0,0.02,70646
2033,-60.1,3,1,0,0.02,70649
2034,-60.1,3,1,0,0.02,70652
2035,-60.1,3,1,0,0.02,70655
2036,-60.1,3,1,0,0.02,70658
2037,-60.76,3,1,0,0.02,70661
2038,-60.4,3,1,0,0.02,70664
2039,-60.4,3,1,0,0.02,70667
2040,-60.4,3,1,0,0.02,70670
2041,-60.4,3,1,0,0.02,70673
2042,-60.4,3,1,0,0.02,70676
2043,-60.4,3,1,0,0.02,70679
2044,-60.4,3,1,0,0.02,70682
2045,-60.4,3,1,0,0.02,70685
2046,-60.4,3,1,0,0.02,70688
2047,-60.64,3,1,0,0.02,70691
2048,-59.85,3,1,0,0.02,70694
2049,-60.64,3,1,0,0.02,70697
2050,-60.1,3,1,0,0.02,70700
2051,-60.1,3,1,0,0.02,70703
2052,-60.1,3,1,0,0.02,70706
2053,-60.1,3,1,0,0.02,70709
2054,-60.1,3,1,0,0.02,70712
2055,-60.1,3,1,0,0.02,70715
2056,-59.95,3,1,0,0.02,70718
2057,-60.1,3,1,0,0.02,70721
2058,-60.1,3,1,0,0.02,70724
2059,-60.1,3,1,0,0.02,70727
2060,-60.1,3,1,0,0.02,70730
2061,-60.1,3,1,0,0.02,70733
2062,-60.1,3,1,0,0.02,70736
2063,-60.1,3,1,0,0.02,70739
2064,-60.1,3,1,0,0.02,70742
2065,-60.1,3,1,0,0.02,70745
2066,-60.1,3,1,0,0.02,70748
2067,-60.1,3,1,0,0.02,70751
2068,-60.1,3,1,0,0.02,70754
2069,-60.76,3,1,0,0.02,70757
2070,-60.76,3,1,0,0.02,70760
2071,-60.76,3,1,0,0.02,70763
2072,-60.4,3,1,0,0.02,70766
2073,-60.4,3,1,0,0.02,70769
2074,-60.1,3,1,0,0.02,70772
2075,-60.1,3,1,0,0.02,70775
2076,-60.1,3,1,0,0.02,70778
2077,-60.1,3,1,0,0.02,70781
2078,-60.1,3,1,0,0.02,70784
2079,-60.1,3,1,0,0.02,70787
2080,-60.08,3,1,0,0.02,70790
2081,-59.8,3,1,0,0.02,70793
2082,-59.8,3,1,0,0.02,70796
2083,-59.8,3,1,0,0.02,70799
2084,-59.8,3,1,0,0.02,70802
2085,-59.8,3,1,0,0.02,70805
2086,-59.8,3,1,0,0.02,70808
2087,-59.8,3,1,0,0.02,70811
2088,-59.8,3,1,0,0.02,70814
2089,-59.8,3,1,0,0.02,70817
2090,-59.8,3,1,0,0.02,70820
2091,-59.8,3,1,0,0.02,70823
2092,-59.8,3,1,0,0.02,70826
2093,-59.8,3,1,0,0.02,70829
2094,-59.8,3,1,0,0.02,70832
2095,-59.8,3,1,0,0.02,70835
2096,-59.8,3,1,0,0.02,70838
2097,-59.8,3,1,0,0.02,70841
2098,-60.08,3,1,0,0.02,70844
2099,-60.1,3,1,0,0.02,70847
2100,-60.1,3,1,0,0.02,70850
2101,-60.1,3,1,0,0.02,70853
2102,-60.1,3,1,0,0.02,70856
2103,-60.08,3,1,0,0.02,70859
2104,-59.8,3,1,0,0.02,70862
2105,-59.8,3,1,0,0.02,70865
2106,-59.8,3,1,0,0.02,70868
2107,-59.8,3,1,0,0.02,70871
2108,-60.1,3,1,0,0.02,70874
2109,-60.1,3,1,0,0.02,70877
2110,-60.1,3,1,0,0.02,70880
2111,-60.1,3,1,0,0.02,70883
2112,-60.1,3,1,0,0.02,70886
2113,-60.1,3,1,0,0.02,70889
2114,-60.1,3,1,0,0.02,70892
2115,-60.1,3,1,0,0.02,70895
2116,-60.1,3,1,0,0.02,70898
2117,-60.1,3,1,0,0.02,70901
2118,-60.1,3,1,0,0.02,70904
2119,-59.85,3,1,0,0.02,70907
2120,-60.64,3,1,0,0.02,70910
2121,-60.76,3,1,0,0.02,70913
2122,-60.76,3,1,0,0.02,70916
2123,-60.1,3,1,0,0.02,70919
2124,-60.76,3,1,0,0.02,70922
2125,-60.1,3,1,0,0.02,70925
2126,-60.1,3,1,0,0.02,70928
2127,-60.1,3,1,0,0.02,70931
2128,-60.1,3,1,0,0.02,70934
2129,-60.1,3,1,0,0.02,70937
2130,-60.1,3,1,0,0.02,70940
2131,-60.1,3,1,0,0.02,70943
2132,-60.1,3,1,0,0.02,70946
2133,-60.1,3,1,0,0.02,70949
2134,-59.85,3,1,0,0.02,70952
2135,-60.65,3,1,0,0.02,70955
2136,-59.85,3,1,0,0.02,70958
2137,-59.95,3,1,0,0.02,70961
2138,-59.85,3,1,0,0.02,70964
2139,-59.85,3,1,0,0.02,70967
2140,-59.85,3,1,0,0.02,70970
2141,-59.85,3,1,0,0.02,70973
2142,-59.85,3,1,0,0.02,70976
2143,-59.85,3,1,0,0.02,70979
2144,-59.85,3,1,0,0.02,70982
2145,-59.85,3,1,0,0.02,70985
2146,-59.85,3,1,0,0.02,70988
2147,-59.85,3,1,0,0.02,70991
2148,-59.85,3,1,0,0.02,70994
2149,-59.85,3,1,0,0.02,70997
2150,-60.1,3,1,0,0.02,71000
2151,-60.1,3,1,0,0.02,71003
2152,-60.9,3,1,0,0.02,71006
2153,-60.1,3,1,0,0.02,71009
2154,-60.1,3,1,0,0.02,71012
2155,-60.1,3,1,0,0.02,71015
2156,-60.76,3,1,0,0.02,71018
2157,-60.9,3,1,0,0.02,71021
2158,-60.1,3,1,0,0.02,71024
2159,-60.1,3,1,0,0.02,71027
2160,-60.1,3,1,0,0.02,71030
2161,-60.76,3,1,0,0.02,71033
2162,-59.8,3,1,0,0.02,71036
2163,-59.8,3,1,0,0.02,71039
2164,-59.8,3,1,0,0.02,71042
2165,-60.08,3,1,0,0.02,71045
2166,-60.1,3,1,0,0.02,71048
2167,-60.1,3,1,0,0.02,71051
2168,-60.9,3,1,0,0.02,71054
2169,-60.1,3,1,0,0.02,71057
2170,-60.1,3,1,0,0.02,71060
2171,-59.85,3,1,0,0.02,71063
2172,-60.08,3,1,0,0.02,71066
2173,-59.85,3,1,0,0.02,71069
2174,-59.85,3,1,0,0.02,71072
2175,-59.85,3,1,0,0.02,71075
2176,-59.85,3,1,0,0.02,71078
2177,-59.85,3,1,0,0.02,71081
2178,-59.85,3,1,0,0.02,71084
2179,-59.85,3,1,0,0.02,71087
2180,-59.85,3,1,0,0.02,71090
2181,-59.85,3,1,0,0.02,71093
2182,-59.95,3,1,0,0.02,71096
2183,-59.95,3,1,0,0.02,71099
2184,-59.95,3,1,0,0.02,71102
2185,-59.95,3,1,0,0.02,71105
2186,-59.85,3,1,0,0.02,71108
2187,-59.95,3,1,0,0.02,71111
2188,-59.95,3,1,0,0.02,71114
2189,-59.85,3,1,0,0.02,71117
2190,-59.85,3,1,0,0.02,71120
2191,-60.1,3,1,0,0.02,71123
2192,-60.1,3,1,0,0.02,71126
2193,-60.1,3,1,0,0.02,71129
2194,-60.1,3,1,0,0.02,71132
2195,-60.1,3,1,0,0.02,71135
2196,-60.1,3,1,0,0.02,71138
2197,-60.1,3,1,0,0.02,71141
2198,-60.08,3,1,0,0.02,71144
2199,-60.1,3,1,0,0.02,71147
2200,-60.08,3,1,0,0.02,71150
2201,-60.1,3,1,0,0.02,71153
2202,-59.85,3,1,0,0.02,71156
2203,-59.85,3,1,0,0.02,71159
2204,-59.85,3,1,0,0.02,71162
2205,-59.85,3,1,0,0.02,71165
2206,-59.85,3,1,0,0.02,71168
2207,-59.85,3,1,0,0.02,71171
2208,-59.85,3,1,0,0.02,71174
2209,-59.85,3,1,0,0.02,71177
2210,-60.65,3,1,0,0.02,71180
2211,-59.85,3,1,0,0.02,71183
2212,-59.85,3,1,0,0.02,71186
2213,-60.1,3,1,0,0.02,71189
2214,-60.1,3,1,0,0.02,71192
2215,-60.1,3,1,0,0.02,71195
2216,-60.1,3,1,0,0.02,71198
2217,-60.1,3,1,0,0.02,71201
2218,-60.1,3,1,0,0.02,71204
2219,-60.1,3,1,0,0.02,71207
2220,-60.1,3,1,0,0.02,71210
2221,-60.1,3,1,0,0.02,71213
2222,-60.1,3,1,0,0.02,71216
2223,-60.1,3,1,0,0.02,71219
2224,-60.1,3,1,0,0.02,71222
2225,-60.1,3,1,0,0.02,71225
2226,-60.08,3,1,0,0.02,71228
2227,-60.1,3,1,0,0.02,71231
2228,-60.1,3,1,0,0.02,71234
2229,-59.95,3,1,0,0.02,71237
2230,-60.08,3,1,0,0.02,71240
2231,-60.61,3,1,0,0.02,71243
2232,-60.61,3,1,0,0.02,71246
2233,-60.61,3,1,0,0.02,71249
2234,-60.61,3,1,0,0.02,71252
2235,-60.4,3,1,0,0.02,71255
2236,-60.61,3,1,0,0.02,71258
2237,-60.61,3,1,0,0.02,71261
2238,-60.4,3,1,0,0.02,71264
2239,-60.76,3,1,0,0.02,71267
2240,-60.76,3,1,0,0.02,71270
2241,-60.76,3,1,0,0.02,71273
2242,-60.1,3,1,0,0.02,71276
2243,-60.1,3,1,0,0.02,71279
2244,-60.1,3,1,0,0.02,71282
2245,-60.1,3,1,0,0.02,71285
2246,-59.85,3,1,0,0.02,71288
2247,-60.65,3,1,0,0.02,71291
2248,-59.85,3,1,0,0.02,71294
2249,-59.85,3,1,0,0.02,71297
2250,-59.85,3,1,0,0.02,71300
2251,-59.95,3,1,0,0.02,71303
2252,-60.65,3,1,0,0.02,71306
2253,-59.85,3,1,0,0.02,71309
2254,-59.85,3,1,0,0.02,71312
2255,-59.85,3,1,0,0.02,71315
2256,-60.1,3,1,0,0.02,71318
2257,-60.65,3,1,0,0.02,71321
2258,-59.85,3,1,0,0.02,71324
2259,-60.1,3,1,0,0.02,71327
2260,-60.1,3,1,0,0.02,71330
2261,-60.9,3,1,0,0.02,71333
2262,-60.1,3,1,0,0.02,71336
2263,-60.1,3,1,0,0.02,71339
2264,-60.1,3,1,0,0.02,71342
2265,-60.1,3,1,0,0.02,71345
2266,-60.1,3,1,0,0.02,71348
2267,-60.1,3,1,0,0.02,71351
2268,-60.1,3,1,0,0.02,71354
2269,-60.1,3,1,0,0.02,71357
2270,-59.85,3,1,0,0.02,71360
2271,-59.85,3,1,0,0.02,71363
2272,-60.65,3,1,0,0.02,71366
2273,-60.65,3,1,0,0.02,71369
2274,-59.85,3,1,0,0.02,71372
2275,-59.85,3,1,0,0.02,71375
2276,-59.85,3,1,0,0.02,71378
2277,-59.85,3,1,0,0.02,71381
2278,-60.1,3,1,0,0.02,71384
2279,-59.85,3,1,0,0.02,71387
2280,-59.85,3,1,0,0.02,71390
2281,-59.85,3,1,0,0.02,71393
2282,-59.85,3,1,0,0.02,71396
2283,-60.64,3,1,0,0.02,71399
2284,-60.4,3,1,0,0.02,71402
2285,-60.61,3,1,0,0.02,71405
2286,-60.4,3,1,0,0.02,71408
2287,-60.61,3,1,0,0.02,71411
2288,-60.1,3,1,0,0.02,71414
2289,-60.64,3,1,0,0.02,71417
2290,-60.61,3,1,0,0.02,71420
2291,-60.64,3,1,0,0.02,71423
2292,-60.4,3,1,0,0.02,71426
2293,-60.4,3,1,0,0.02,71429
2294,-60.4,3,1,0,0.02,71432
2295,-60.76,3,1,0,0.02,71435
2296,-60.1,3,1,0,0.02,71438
2297,-60.1,3,1,0,0.02,71441
2298,-60.1,3,1,0,0.02,71444
2299,-60.1,3,1,0,0.02,71447
2300,-60.1,3,1,0,0.02,71450
2301,-60.1,3,1,0,0.02,71453
2302,-60.1,3,1,0,0.02,71456
2303,-60.9,3,1,0,0.02,71459
2304,-60.1,3,1,0,0.02,71462
2305,-59.85,3,1,0,0.02,71465
2306,-59.85,3,1,0,0.02,71468
2307,-59.85,3,1,0,0.02,71471
2308,-59.85,3,1,0,0.02,71474
2309,-60.1,3,1,0,0.02,71477
2310,-60.1,3,1,0,0.02,71480
2311,-60.1,3,1,0,0.02,71483
2312,-60.1,3,1,0,0.02,71486
2313,-60.76,3,1,0,0.02,71489
2314,-60.76,3,1,0,0.02,71492
2315,-60.4,3,1,0,0.02,71495
2316,-60.76,3,1,0,0.02,71498
2317,-60.76,3,1,0,0.02,71501
2318,-60.76,3,1,0,0.02,71504
2319,-60.76,3,1,0,0.02,71507
2320,-60.1,3,1,0,0.02,71510
2321,-60.08,3,1,0,0.02,71513
2322,-60.1,3,1,0,0.02,71516
2323,-59.85,3,1,0,0.02,71519
2324,-59.85,3,1,0,0.02,71522
2325,-59.85,3,1,0,0.02,71525
2326,-59.85,3,1,0,0.02,71528
2327,-60.1,3,1,0,0.02,71531
2328,-59.85,3,1,0,0.02,71534
2329,-59.85,3,1,0,0.02,71537
2330,-59.85,3,1,0,0.02,71540
2331,-59.85,3,1,0,0.02,71543
2332,-59.85,3,1,0,0.02,71546
2333,-59.85,3,1,0,0.02,71549
2334,-59.85,3,1,0,0.02,71552
2335,-60.64,3,1,0,0.02,71555
2336,-60.76,3,1,0,0.02,71558
2337,-60.64,3,1,0,0.02,71561
2338,-60.64,3,1,0,0.02,71564
2339,-60.4,3,1,0,0.02,71567
2340,-60.4,3,1,0,0.02,71570
2341,-60.4,3,1,0,0.02,71573
2342,-60.4,3,1,0,0.02,71576
2343,-60.4,3,1,0,0.02,71579
2344,-60.4,3,1,0,0.02,71582
2345,-60.4,3,1,0,0.02,71585
2346,-60.76,3,1,0,0.02,71588
2347,-60.1,3,1,0,0.02,71591
2348,-60.08,3,1,0,0.02,71594
2349,-60.1,3,1,0,0.02,71597
2350,-60.1,3,1,0,0.02,71600
2351,-60.1,3,1,0,0.02,71603
2352,-60.1,3,1,0,0.02,71606
2353,-60.1,3,1,0,0.02,71609
2354,-60.1,3,1,0,0.02,71612
2355,-60.08,3,1,0,0.02,71615
2356,-59.8,3,1,0,0.02,71618
2357,-59.8,3,1,0,0.02,71621
2358,-59.85,3,1,0,0.02,71624
2359,-59.85,3,1,0,0.02,71627
2360,-59.85,3,1,0,0.02,71630
2361,-59.85,3,1,0,0.02,71633
2362,-59.85,3,1,0,0.02,71636
2363,-59.85,3,1,0,0.02,71639
2364,-59.85,3,1,0,0.02,71642
2365,-59.85,3,1,0,0.02,71645
2366,-59.85,3,1,0,0.02,71648
2367,-59.85,3,1,0,0.02,71651
2368,-59.85,3,1,0,0.02,71654
2369,-59.85,3,1,0,0.02,71657
2370,-59.85,3,1,0,0.02,71660
2371,-59.85,3,1,0,0.02,71663
2372,-59.85,3,1,0,0.02,71666
2373,-59.85,3,1,0,0.02,71669
2374,-59.85,3,1,0,0.02,71672
2375,-59.85,3,1,0,0.02,71675
2376,-59.85,3,1,0,0.02,71678
2377,-59.85,3,1,0,0.02,71681
2378,-59.85,3,1,0,0.02,71684
2379,-59.85,3,1,0,0.02,71687
2380,-59.85,3,1,0,0.02,71690
2381,-59.85,3,1,0,0.02,71693
2382,-59.85,3,1,0,0.02,71696
2383,-59.95,3,1,0,0.02,71699
2384,-59.95,3,1,0,0.02,71702
2385,-59.8,3,1,0,0.02,71705
2386,-59.8,3,1,0,0.02,71708
2387,-59.8,3,1,0,0.02,71711
2388,-59.8,3,1,0,0.02,71714
2389,-59.8,3,1,0,0.02,71717
2390,-59.8,3,1,0,0.02,71720
2391,-59.8,3,1,0,0.02,71723
2392,-60.08,3,1,0,0.02,71726
2393,-59.8,3,1,0,0.02,71729
2394,-59.8,3,1,0,0.02,71732
2395,-59.8,3,1,0,0.02,71735
2396,-59.95,3,1,0,0.02,71738
2397,-60.08,3,1,0,0.02,71741
2398,-60.61,3,1,0,0.02,71744
2399,-60.4,3,1,0,0.02,71747
2400,-60.4,3,1,0,0.02,71750
2401,-60.64,3,1,0,0.02,71753
2402,-60.4,3,1,0,0.02,71756
2403,-60.4,3,1,0,0.02,71759
2404,-60.4,3,1,0,0.02,71762
2405,-60.4,3,1,0,0.02,71765
2406,-60.4,3,1,0,0.02,71768
2407,-60.64,3,1,0,0.02,71771
2408,-60.1,3,1,0,0.02,71774
2409,-60.1,3,1,0,0.02,71777
2410,-60.1,3,1,0,0.02,71780
2411,-60.1,3,1,0,0.02,71783
2412,-60.08,3,1,0,0.02,71786
2413,-59.8,3,1,0,0.02,71789
2414,-59.95,3,1,0,0.02,71792
2415,-59.8,3,1,0,0.02,71795
2416,-59.8,3,1,0,0.02,71798
2417,-59.8,3,1,0,0.02,71801
2418,-59.8,3,1,0,0.02,71804
2419,-59.8,3,1,0,0.02,71807
2420,-59.8,3,1,0,0.02,71810
2421,-59.8,3,1,0,0.02,71813
2422,-59.8,3,1,0,0.02,71816
2423,-59.8,3,1,0,0.02,71819
2424,-59.95,3,1,0,0.02,71822
2425,-59.85,3,1,0,0.02,71825
2426,-59.85,3,1,0,0.02,71828
2427,-59.85,3,1,0,0.02,71831
2428,-59.85,3,1,0,0.02,71834
2429,-59.85,3,1,0,0.02,71837
2430,-59.85,3,1,0,0.02,71840
2431,-59.85,3,1,0,0.02,71843
2432,-59.85,3,1,0,0.02,71846
2433,-59.85,3,1,0,0.02,71849
2434,-59.85,3,1,0,0.02,71852
2435,-59.85,3,1,0,0.02,71855
2436,-59.85,3,1,0,0.02,71858
2437,-59.85,3,1,0,0.02,71861
2438,-60.65,3,1,0,0.02,71864
2439,-60.65,3,1,0,0.02,71867
2440,-59.85,3,1,0,0.02,71870
2441,-59.85,3,1,0,0.02,71873
2442,-59.95,3,1,0,0.02,71876
2443,-59.8,3,1,0,0.02,71879
2444,-59.8,3,1,0,0.02,71882
2445,-59.8,3,1,0,0.02,71885
2446,-59.8,3,1,0,0.02,71888
2447,-59.8,3,1,0,0.02,71891
2448,-59.95,3,1,0,0.02,71894
2449,-59.85,3,1,0,0.02,71897
2450,-60.64,3,1,0,0.02,71900
2451,-59.85,3,1,0,0.02,71903
2452,-59.85,3,1,0,0.02,71906
2453,-59.85,3,1,0,0.02,71909
2454,-60.76,3,1,0,0.02,71912
2455,-60.1,3,1,0,0.02,71915
2456,-60.76,3,1,0,0.02,71918
2457,-60.1,3,1,0,0.02,71921
2458,-60.76,3,1,0,0.02,71924
2459,-60.76,3,1,0,0.02,71927
2460,-60.76,3,1,0,0.02,71930
2461,-60.1,3,1,0,0.02,71933
2462,-60.1,3,1,0,0.02,71936
2463,-60.1,3,1,0,0.02,71939
2464,-60.1,3,1,0,0.02,71942
2465,-60.1,3,1,0,0.02,71945
2466,-60.1,3,1,0,0.02,71948
2467,-60.1,3,1,0,0.02,71951
2468,-60.1,3,1,0,0.02,71954
2469,-60.1,3,1,0,0.02,71957
2470,-60.76,3,1,0,0.02,71960
2471,-60.76,3,1,0,0.02,71963
2472,-60.1,3,1,0,0.02,71966
2473,-59.85,3,1,0,0.02,71969
2474,-59.85,3,1,0,0.02,71972
2475,-59.85,3,1,0,0.02,71975
2476,-59.85,3,1,0,0.02,71978
2477,-59.85,3,1,0,0.02,71981
2478,-59.85,3,1,0,0.02,71984
2479,-59.85,3,1,0,0.02,71987
2480,-59.85,3,1,0,0.02,71990
2481,-59.85,3,1,0,0.02,71993
2482,-59.95,3,1,0,0.02,71996
2483,-59.95,3,1,0,0.02,71999
2484,-59.8,3,1,0,0.02,72002
2485,-59.8,3,1,0,0.02,72005
2486,-59.95,3,1,0,0.02,72008
2487,-60.61,3,1,0,0.02,72011
2488,-60.76,3,1,0,0.02,72014
2489,-60.4,3,1,0,0.02,72017
2490,-60.4,3,1,0,0.02,72020
2491,-60.4,3,1,0,0.02,72023
2492,-60.4,3,1,0,0.02,72026
2493,-60.4,3,1,0,0.02,72029
2494,-60.64,3,1,0,0.02,72032
2495,-59.85,3,1,0,0.02,72035
2496,-59.85,3,1,0,0.02,72038
2497,-59.85,3,1,0,0.02,72041
2498,-60.1,3,1,0,0.02,72044
2499,-60.1,3,1,0,0.02,72047
2500,-60.1,3,1,0,0.02,72050
