Episode,Reward,Steps,CollisionCount,ReachedGoal,Epsilon,BufferCapacity
1,-611.06,118,50,0,0.999,118
2,-3258.92,1290,50,0,0.998,1408
3,-1009.95,1315,50,0,0.9971,2723
4,-604.37,189,50,0,0.9961,2912
5,-774.76,341,50,0,0.9951,3253
6,-755.38,144,50,0,0.9942,3397
7,-2499.33,1202,50,0,0.9932,4599
8,-1156.02,1400,45,0,0.9922,5999
9,-1188.5,1216,50,0,0.9912,7215
10,-760.47,315,50,0,0.9903,7530
11,-913.37,611,50,0,0.9893,8141
12,-1302.4,756,50,0,0.9883,8897
13,-1251.39,1360,50,0,0.9874,10257
14,-566.22,191,50,0,0.9864,10448
15,-628.18,197,50,0,0.9854,10645
16,-1144.21,526,50,0,0.9845,11171
17,-846.11,827,50,0,0.9835,11998
18,-777.95,176,50,0,0.9826,12174
19,-722.8,458,50,0,0.9816,12632
20,-2859.46,1237,50,0,0.9806,13869
21,-783.96,309,50,0,0.9797,14178
22,-740.93,341,50,0,0.9787,14519
23,-802.6,854,50,0,0.9778,15373
24,-551.29,1400,0,0,0.9768,16773
25,-1024.07,751,50,0,0.9759,17524
26,-680.42,183,50,0,0.9749,17707
27,-730.84,274,50,0,0.974,17981
28,-890.22,748,50,0,0.973,18729
29,-794.37,727,50,0,0.9721,19456
30,-676.3,247,50,0,0.9711,19703
31,-726.63,524,50,0,0.9702,20227
32,-711.63,1400,1,0,0.9692,21627
33,-1034.18,1400,1,0,0.9683,23027
34,-1082.31,756,50,0,0.9673,23783
35,-661.31,507,50,0,0.9664,24290
36,-990.44,1266,50,0,0.9654,25556
37,-1978.65,1230,50,0,0.9645,26786
38,-564.73,116,50,0,0.9635,26902
39,-754.74,535,50,0,0.9626,27437
40,-853.66,744,50,0,0.9617,28181
41,-1024.51,311,50,0,0.9607,28492
42,-757.3,378,50,0,0.9598,28870
43,-776.13,201,50,0,0.9588,29071
44,-1181.37,1400,44,0,0.9579,30471
45,-656.09,133,50,0,0.957,30604
46,-589.43,180,50,0,0.956,30784
47,-1429.4,1381,50,0,0.9551,32165
48,-1650.75,1328,50,0,0.9542,33493
49,-2614.16,1154,50,0,0.9532,34647
50,-1275.29,1198,50,0,0.9523,35845
51,-588.62,127,50,0,0.9514,35972
52,-570.98,116,50,0,0.9504,36088
53,-632.0,122,50,0,0.9495,36210
54,-816.67,871,50,0,0.9486,37081
55,-522.0,1400,0,0,0.9477,38481
56,-805.3,458,50,0,0.9467,38939
57,-797.07,495,50,0,0.9458,39434
58,-672.59,183,50,0,0.9449,39617
59,-560.09,116,50,0,0.944,39733
60,-724.73,169,50,0,0.943,39902
61,-844.88,602,50,0,0.9421,40504
62,-1656.32,1400,16,0,0.9412,41904
63,-958.03,907,50,0,0.9403,42811
64,-730.21,550,50,0,0.9394,43361
65,-799.42,212,50,0,0.9384,43573
66,-621.63,170,50,0,0.9375,43743
67,-654.08,227,50,0,0.9366,43970
68,-788.14,641,50,0,0.9357,44611
69,-735.14,708,50,0,0.9348,45319
70,-608.66,132,50,0,0.9339,45451
71,-1018.26,1102,50,0,0.933,46553
72,-944.49,823,50,0,0.932,47376
73,-756.18,355,50,0,0.9311,47731
74,-882.23,529,50,0,0.9302,48260
75,-629.23,272,50,0,0.9293,48532
76,-972.35,1028,50,0,0.9284,49560
77,-590.63,221,50,0,0.9275,49781
78,-738.65,571,50,0,0.9266,50352
79,-830.56,804,50,0,0.9257,51156
80,-537.83,85,50,0,0.9248,51241
81,-1269.01,433,50,0,0.9239,51674
82,-789.65,542,50,0,0.923,52216
83,-773.47,377,50,0,0.9221,52593
84,-667.74,158,50,0,0.9212,52751
85,-634.83,112,50,0,0.9203,52863
86,-644.47,154,50,0,0.9194,53017
87,-577.84,116,50,0,0.9185,53133
88,-757.11,473,50,0,0.9176,53606
89,-857.09,877,50,0,0.9167,54483
90,-888.55,1107,50,0,0.9158,55590
91,-657.44,463,50,0,0.9149,56053
92,-1311.62,990,50,0,0.914,57043
93,-795.09,665,50,0,0.9131,57708
94,-780.9,607,50,0,0.9122,58315
95,-928.7,503,50,0,0.9113,58818
96,-803.02,459,50,0,0.9104,59277
97,-741.98,272,50,0,0.9095,59549
98,-721.89,306,50,0,0.9087,59855
99,-684.39,366,50,0,0.9078,60221
100,-654.36,301,50,0,0.9069,60522
101,-1080.75,1241,50,0,0.906,61763
102,-655.51,157,50,0,0.9051,61920
103,-726.33,542,50,0,0.9042,62462
104,-783.34,539,50,0,0.9033,63001
105,-1357.7,1400,27,0,0.9025,64401
106,-740.17,370,50,0,0.9016,64771
107,-795.78,371,50,0,0.9007,65142
108,-891.32,715,50,0,0.8998,65857
109,-924.94,725,50,0,0.8989,66582
110,-675.76,500,50,0,0.8981,67082
111,-877.97,624,50,0,0.8972,67706
112,-664.96,429,50,0,0.8963,68135
113,-569.39,127,50,0,0.8954,68262
114,-665.99,425,50,0,0.8946,68687
115,-890.82,1342,50,0,0.8937,70029
116,-1413.56,1335,50,0,0.8928,71364
117,-690.11,393,50,0,0.8919,71757
118,-835.38,534,50,0,0.8911,72291
119,-942.75,1123,50,0,0.8902,73414
120,-681.26,172,50,0,0.8893,73586
121,-565.56,122,50,0,0.8885,73708
122,-748.68,176,50,0,0.8876,73884
123,-1039.7,892,50,0,0.8867,74776
124,-907.32,730,50,0,0.8859,75506
125,-1321.46,1400,42,0,0.885,76906
126,-1113.33,1400,33,0,0.8841,78306
127,-919.45,1160,50,0,0.8833,79466
128,-730.05,523,50,0,0.8824,79989
129,-503.02,1400,1,0,0.8815,81389
130,-1258.32,1295,50,0,0.8807,82684
131,-2273.04,1230,50,0,0.8798,83914
132,-543.11,1400,0,0,0.879,85314
133,-909.08,749,50,0,0.8781,86063
134,-1384.92,1400,42,0,0.8772,87463
135,-1032.4,646,50,0,0.8764,88109
136,-852.49,569,50,0,0.8755,88678
137,-759.57,330,50,0,0.8747,89008
138,-816.36,576,50,0,0.8738,89584
139,-721.36,374,50,0,0.873,89958
140,-870.57,615,50,0,0.8721,90573
141,-699.5,486,50,0,0.8713,91059
142,-1047.52,1400,39,0,0.8704,92459
143,-724.93,569,50,0,0.8696,93028
144,-785.95,518,50,0,0.8687,93546
145,-540.0,1400,0,0,0.8679,94946
146,-998.33,627,50,0,0.867,95573
147,-817.29,556,50,0,0.8662,96129
148,-1215.22,1082,50,0,0.8653,97211
149,-840.84,586,50,0,0.8645,97797
150,-632.64,130,50,0,0.8636,97927
151,-789.13,507,50,0,0.8628,98434
152,-722.63,518,50,0,0.8619,98952
153,-927.04,961,50,0,0.8611,99913
154,-803.23,565,50,0,0.8603,100478
155,-829.89,580,50,0,0.8594,101058
156,-630.29,188,50,0,0.8586,101246
157,-961.82,923,50,0,0.8577,102169
158,-1264.1,1400,40,0,0.8569,103569
159,-812.51,241,50,0,0.8561,103810
160,-1089.08,1180,50,0,0.8552,104990
161,-593.94,137,50,0,0.8544,105127
162,-803.08,536,50,0,0.8535,105663
163,-614.76,153,50,0,0.8527,105816
164,-687.16,307,50,0,0.8519,106123
165,-878.04,776,50,0,0.8511,106899
166,-663.67,355,50,0,0.8502,107254
167,-1273.54,1268,50,0,0.8494,108522
168,-718.44,585,50,0,0.8486,109107
169,-999.34,825,50,0,0.8477,109932
170,-994.66,1089,50,0,0.8469,111021
171,-615.82,156,50,0,0.8461,111177
172,-662.57,139,50,0,0.8452,111316
173,-614.77,136,50,0,0.8444,111452
174,-1013.98,1065,50,0,0.8436,112517
175,-975.61,993,50,0,0.8428,113510
176,-1053.01,1366,50,0,0.8419,114876
177,-667.35,441,50,0,0.8411,115317
178,-876.95,701,50,0,0.8403,116018
179,-757.78,613,50,0,0.8395,116631
180,-724.46,440,50,0,0.8387,117071
181,-715.85,499,50,0,0.8378,117570
182,-933.49,752,50,0,0.837,118322
183,-538.45,1400,6,0,0.8362,119722
184,-693.18,249,50,0,0.8354,119971
185,-617.08,1400,2,0,0.8346,121371
186,-851.01,943,50,0,0.8338,122314
187,-783.41,627,50,0,0.8329,122941
188,-1002.96,657,50,0,0.8321,123598
189,-881.75,632,50,0,0.8313,124230
190,-1151.44,1036,50,0,0.8305,125266
191,-632.53,157,50,0,0.8297,125423
192,-606.14,128,50,0,0.8289,125551
193,-965.93,1117,50,0,0.8281,126668
194,-790.76,556,50,0,0.8273,127224
195,-675.47,177,50,0,0.8265,127401
196,-832.1,612,50,0,0.8256,128013
197,-673.31,391,50,0,0.8248,128404
198,-939.03,537,50,0,0.824,128941
199,-675.65,472,50,0,0.8232,129413
200,-1185.84,1080,50,0,0.8224,130493
201,-897.48,354,50,0,0.8216,130847
202,-843.09,805,50,0,0.8208,131652
203,-710.89,518,50,0,0.82,132170
204,-967.95,1224,50,0,0.8192,133394
205,-1125.75,1400,42,0,0.8184,134794
206,-1048.15,1099,50,0,0.8176,135893
207,-686.98,474,50,0,0.8168,136367
208,-764.16,1400,0,0,0.816,137767
209,-700.35,384,50,0,0.8152,138151
210,-605.47,119,50,0,0.8144,138270
211,-716.33,202,50,0,0.8136,138472
212,-1205.97,854,50,0,0.8128,139326
213,-785.61,539,50,0,0.812,139865
214,-690.27,292,50,0,0.8112,140157
215,-821.69,532,50,0,0.8105,140689
216,-1064.33,1233,50,0,0.8097,141922
217,-746.38,185,50,0,0.8089,142107
218,-683.79,469,50,0,0.8081,142576
219,-1115.92,702,50,0,0.8073,143278
220,-906.39,562,50,0,0.8065,143840
221,-735.2,567,50,0,0.8057,144407
222,-716.42,1400,0,0,0.8049,145807
223,-646.0,136,50,0,0.8041,145943
224,-625.12,136,50,0,0.8034,146079
225,-1146.17,1338,50,0,0.8026,147417
226,-983.22,1016,50,0,0.8018,148433
227,-703.34,287,50,0,0.801,148720
228,-1301.3,1032,50,0,0.8002,149752
229,-1004.34,1335,50,0,0.7994,151087
230,-934.72,498,50,0,0.7987,151585
231,-986.5,592,50,0,0.7979,152177
232,-633.82,143,50,0,0.7971,152320
233,-603.64,115,50,0,0.7963,152435
234,-1021.8,1279,50,0,0.7955,153714
235,-773.9,412,50,0,0.7948,154126
236,-889.57,946,50,0,0.794,155072
237,-771.99,196,50,0,0.7932,155268
238,-917.39,608,50,0,0.7924,155876
239,-760.85,168,50,0,0.7917,156044
240,-1425.06,1105,50,0,0.7909,157149
241,-664.7,230,50,0,0.7901,157379
242,-1063.94,1088,50,0,0.7893,158467
243,-832.0,396,50,0,0.7886,158863
244,-1103.03,1302,50,0,0.7878,160165
245,-661.48,260,50,0,0.787,160425
246,-820.01,326,50,0,0.7863,160751
247,-911.88,640,50,0,0.7855,161391
248,-653.91,234,50,0,0.7847,161625
249,-583.97,1400,2,0,0.784,163025
250,-1256.77,1398,50,0,0.7832,164423
251,-6467.53,1400,39,0,0.7824,165823
252,-897.62,641,50,0,0.7817,166464
253,-1376.97,1357,50,0,0.7809,167821
254,-1220.35,1002,50,0,0.7801,168823
255,-670.97,479,50,0,0.7794,169302
256,-810.98,1400,0,0,0.7786,170702
257,-858.05,1140,50,0,0.7779,171842
258,-675.0,156,50,0,0.7771,171998
259,-1072.54,1266,50,0,0.7763,173264
260,-679.22,403,50,0,0.7756,173667
261,-1093.38,628,50,0,0.7748,174295
262,-1076.96,1254,50,0,0.7741,175549
263,-1073.67,1400,32,0,0.7733,176949
264,-596.89,1400,0,0,0.7726,178349
265,-897.36,588,50,0,0.7718,178937
266,-847.49,1400,5,0,0.771,180337
267,-886.22,1081,50,0,0.7703,181418
268,-982.23,618,50,0,0.7695,182036
269,-1157.13,432,50,0,0.7688,182468
270,-755.58,495,50,0,0.768,182963
271,-916.38,1001,50,0,0.7673,183964
272,-801.43,414,50,0,0.7665,184378
273,-985.41,1053,50,0,0.7658,185431
274,-977.85,1345,50,0,0.765,186776
275,-839.37,483,50,0,0.7643,187259
276,-855.78,211,50,0,0.7635,187470
277,-955.73,1182,50,0,0.7628,188652
278,-759.85,484,50,0,0.7621,189136
279,-879.59,665,50,0,0.7613,189801
280,-740.39,478,50,0,0.7606,190279
281,-783.04,520,50,0,0.7598,190799
282,-1075.21,1036,50,0,0.7591,191835
283,-856.92,944,50,0,0.7583,192779
284,-809.38,600,50,0,0.7576,193379
285,-1403.86,1400,47,0,0.7569,194779
286,-1304.9,1132,50,0,0.7561,195911
287,-884.41,749,50,0,0.7554,196660
288,-747.15,570,50,0,0.7546,197230
289,-826.03,746,50,0,0.7539,197976
290,-666.27,223,50,0,0.7532,198199
291,-993.5,641,50,0,0.7524,198840
292,-819.05,958,50,0,0.7517,199798
293,-1043.05,1265,50,0,0.751,201063
294,-1156.71,787,50,0,0.7502,201850
295,-1060.62,1400,13,0,0.7495,203250
296,-871.34,760,50,0,0.7488,204010
297,-786.64,477,50,0,0.748,204487
298,-808.45,514,50,0,0.7473,205001
299,-426.23,1400,0,0,0.7466,206401
300,-934.37,619,50,0,0.7458,207020
301,-926.02,692,50,0,0.7451,207712
302,-762.24,507,50,0,0.7444,208219
303,-1160.57,1255,50,0,0.7437,209474
304,-956.19,1285,50,0,0.7429,210759
305,-1084.88,1379,50,0,0.7422,212138
306,-918.15,548,50,0,0.7415,212686
307,-1011.98,1292,50,0,0.7408,213978
308,-906.0,581,50,0,0.74,214559
309,-836.13,727,50,0,0.7393,215286
310,-849.99,1400,31,0,0.7386,216686
311,-736.18,478,50,0,0.7379,217164
312,-901.69,530,50,0,0.7371,217694
313,-811.47,485,50,0,0.7364,218179
314,-1223.39,1158,50,0,0.7357,219337
315,-817.41,500,50,0,0.735,219837
316,-682.95,1400,12,0,0.7343,221237
317,-949.38,599,50,0,0.7335,221836
318,-783.76,509,50,0,0.7328,222345
319,-1240.25,707,50,0,0.7321,223052
320,-882.47,632,50,0,0.7314,223684
321,-1202.86,1044,50,0,0.7307,224728
322,-759.55,477,50,0,0.73,225205
323,-949.44,706,50,0,0.7293,225911
324,-1181.3,1252,50,0,0.7285,227163
325,-1052.14,1180,50,0,0.7278,228343
326,-898.45,635,50,0,0.7271,228978
327,-1775.52,1400,44,0,0.7264,230378
328,-1065.48,725,50,0,0.7257,231103
329,-939.49,723,50,0,0.725,231826
330,-762.91,512,50,0,0.7243,232338
331,-1144.69,1089,50,0,0.7236,233427
332,-1046.67,1308,50,0,0.7229,234735
333,-509.52,1400,3,0,0.7222,236135
334,-1072.84,1123,50,0,0.7215,237258
335,-1176.63,1286,50,0,0.7208,238544
336,-760.8,183,50,0,0.7201,238727
337,-959.72,1221,50,0,0.7193,239948
338,-1161.5,1234,50,0,0.7186,241182
339,-1211.4,1371,50,0,0.7179,242553
340,-1093.42,1329,50,0,0.7172,243882
341,-915.49,554,50,0,0.7165,244436
342,-1329.58,1319,50,0,0.7158,245755
343,-1030.68,1036,50,0,0.7151,246791
344,-1520.04,1400,48,0,0.7144,248191
345,-980.16,1011,50,0,0.7137,249202
346,-1080.71,1400,39,0,0.713,250602
347,-830.14,591,50,0,0.7124,251193
348,-1143.28,1309,50,0,0.7117,252502
349,-803.13,525,50,0,0.711,253027
350,-811.05,559,50,0,0.7103,253586
351,-1045.19,762,50,0,0.7096,254348
352,-1019.56,1192,50,0,0.7089,255540
353,-1174.73,1400,38,0,0.7082,256940
354,-1023.84,1014,50,0,0.7075,257954
355,-834.3,548,50,0,0.7068,258502
356,-912.42,928,50,0,0.7061,259430
357,-937.93,1400,18,0,0.7054,260830
358,-958.26,927,50,0,0.7047,261757
359,-1200.01,1141,50,0,0.704,262898
360,-1079.77,693,50,0,0.7034,263591
361,-956.67,694,50,0,0.7027,264285
362,-864.68,628,50,0,0.702,264913
363,-975.27,1400,35,0,0.7013,266313
364,-881.83,1038,50,0,0.7006,267351
365,-1301.25,1318,50,0,0.6999,268669
366,-1140.28,1253,50,0,0.6992,269922
367,-1368.44,1031,50,0,0.6986,270953
368,-1242.58,1400,47,0,0.6979,272353
369,-1030.41,1353,50,0,0.6972,273706
370,-958.33,1005,50,0,0.6965,274711
371,-642.75,1400,1,0,0.6958,276111
372,-1106.5,729,50,0,0.6952,276840
373,-1316.35,1400,46,0,0.6945,278240
374,-1110.1,1257,50,0,0.6938,279497
375,-1007.51,1348,50,0,0.6931,280845
376,-1242.13,1306,50,0,0.6924,282151
377,-1028.39,630,50,0,0.6918,282781
378,-1027.67,692,50,0,0.6911,283473
379,-1284.27,673,50,0,0.6904,284146
380,-980.86,722,50,0,0.6897,284868
381,-1006.14,1400,30,0,0.6891,286268
382,-930.5,1134,50,0,0.6884,287402
383,-777.33,582,50,0,0.6877,287984
384,-1034.53,1368,50,0,0.687,289352
385,-536.23,1400,6,0,0.6864,290752
386,-1541.83,1384,50,0,0.6857,292136
387,-986.87,671,50,0,0.685,292807
388,-1148.21,1341,50,0,0.6844,294148
389,-776.61,1400,7,0,0.6837,295548
390,-960.88,1164,50,0,0.683,296712
391,-1554.31,1295,50,0,0.6824,298007
392,-993.23,1042,50,0,0.6817,299049
393,-747.95,622,50,0,0.681,299671
394,-1083.04,1243,50,0,0.6804,300914
395,-640.35,1400,1,0,0.6797,302314
396,-681.97,1400,10,0,0.679,303714
397,-426.57,1400,0,0,0.6784,305114
398,-737.0,451,50,0,0.6777,305565
399,-1041.05,570,50,0,0.677,306135
400,-1579.54,513,50,0,0.6764,306648
401,-766.27,408,50,0,0.6757,307056
402,-622.78,1400,0,0,0.6751,308456
403,-1132.5,862,50,0,0.6744,309318
404,-634.02,1400,0,0,0.6737,310718
405,-869.67,877,50,0,0.6731,311595
406,-918.48,527,50,0,0.6724,312122
407,-677.42,1400,0,0,0.6718,313522
408,-954.12,1217,50,0,0.6711,314739
409,-954.44,1205,50,0,0.6705,315944
410,-1171.95,1202,50,0,0.6698,317146
411,-1090.14,1080,50,0,0.6692,318226
412,-684.09,1400,7,0,0.6685,319626
413,-1142.88,1400,41,0,0.6678,321026
414,-630.87,1400,2,0,0.6672,322426
415,-774.61,615,50,0,0.6665,323041
416,-1153.65,1400,38,0,0.6659,324441
417,-1099.35,769,50,0,0.6652,325210
418,-1122.03,697,50,0,0.6646,325907
419,-1181.33,790,50,0,0.6639,326697
420,-697.38,519,50,0,0.6633,327216
421,-1196.37,1387,50,0,0.6626,328603
422,-1102.49,1400,29,0,0.662,330003
423,-1209.78,1392,50,0,0.6613,331395
424,-1237.05,1362,50,0,0.6607,332757
425,-1169.49,730,50,0,0.6601,333487
426,-473.09,1400,0,0,0.6594,334887
427,-956.56,1400,15,0,0.6588,336287
428,-1094.56,1400,48,0,0.6581,337687
429,-858.62,560,50,0,0.6575,338247
430,-861.65,600,50,0,0.6568,338847
431,-818.85,1400,15,0,0.6562,340247
432,-994.06,1366,50,0,0.6556,341613
433,-492.77,1400,0,0,0.6549,343013
434,-1094.35,744,50,0,0.6543,343757
435,-887.26,1400,3,0,0.6536,345157
436,-1013.63,1206,50,0,0.653,346363
437,-637.47,1400,2,0,0.6524,347763
438,-624.11,1400,2,0,0.6517,349163
439,-1271.84,1266,50,0,0.6511,350429
440,-1091.95,1400,38,0,0.6505,351829
441,-979.41,1205,50,0,0.6498,353034
442,-1021.7,1178,50,0,0.6492,354212
443,-819.58,1400,1,0,0.6485,355612
444,-801.84,1400,2,0,0.6479,357012
445,-646.1,1400,2,0,0.6473,358412
446,-739.31,1400,8,0,0.6466,359812
447,-1148.39,1400,46,0,0.646,361212
448,-691.22,1400,2,0,0.6454,362612
449,-539.72,1400,0,0,0.6448,364012
450,-1360.64,1400,39,0,0.6441,365412
451,-653.16,1400,8,0,0.6435,366812
452,-599.94,1400,0,0,0.6429,368212
453,-1063.24,1254,50,0,0.6422,369466
454,-646.66,1400,7,0,0.6416,370866
455,-704.94,1400,8,0,0.641,372266
456,-973.67,616,50,0,0.6404,372882
457,-536.03,1400,0,0,0.6397,374282
458,-675.56,1400,4,0,0.6391,375682
459,-1117.56,1400,20,0,0.6385,377082
460,-604.98,1400,0,0,0.6379,378482
461,-1007.85,1400,29,0,0.6372,379882
462,-1081.12,807,50,0,0.6366,380689
463,-682.44,1400,0,0,0.636,382089
464,-559.02,1400,0,0,0.6354,383489
465,-1228.2,1241,50,0,0.6347,384730
466,-1168.17,617,50,0,0.6341,385347
467,-509.64,1400,0,0,0.6335,386747
468,-1028.37,1170,50,0,0.6329,387917
469,-1077.52,1400,22,0,0.6323,389317
470,-598.18,1400,0,0,0.6317,390717
471,-1173.66,1370,50,0,0.631,392087
472,-1410.27,1399,50,0,0.6304,393486
473,-665.95,1400,0,0,0.6298,394886
474,-700.37,1400,4,0,0.6292,396286
475,-1157.56,1400,47,0,0.6286,397686
476,-607.66,1400,0,0,0.628,399086
477,-651.51,1400,2,0,0.6273,400486
478,-1308.51,1330,50,0,0.6267,401816
479,-1022.32,1154,50,0,0.6261,402970
480,-518.38,1400,0,0,0.6255,404370
481,-950.71,645,50,0,0.6249,405015
482,-1010.81,644,50,0,0.6243,405659
483,-1412.33,1400,40,0,0.6237,407059
484,-1099.08,1400,22,0,0.6231,408459
485,-1260.72,855,50,0,0.6225,409314
486,-983.86,1400,17,0,0.6219,410714
487,-772.31,1400,16,0,0.6212,412114
488,-819.73,498,50,0,0.6206,412612
489,-832.41,1400,8,0,0.62,414012
490,-663.74,1400,3,0,0.6194,415412
491,-737.5,1400,2,0,0.6188,416812
492,-633.8,1400,2,0,0.6182,418212
493,-868.75,572,50,0,0.6176,418784
494,-812.46,1400,22,0,0.617,420184
495,-1033.04,1088,50,0,0.6164,421272
496,-932.94,568,50,0,0.6158,421840
497,-1112.98,657,50,0,0.6152,422497
498,-1240.68,1400,20,0,0.6146,423897
499,-597.38,1400,1,0,0.614,425297
500,-1333.46,1391,50,0,0.6134,426688
501,-649.19,1400,0,0,0.6128,428088
502,-510.34,1400,0,0,0.6122,429488
503,-957.6,1400,26,0,0.6116,430888
504,-1190.67,1400,41,0,0.611,432288
505,-1048.91,1400,18,0,0.6104,433688
506,-1147.76,1400,30,0,0.6098,435088
507,-1179.14,891,50,0,0.6092,435979
508,-434.89,1400,1,0,0.6086,437379
509,-1343.71,1380,50,0,0.608,438759
510,-1839.46,1262,50,0,0.6074,440021
511,-1002.06,645,50,0,0.6068,440666
512,-1426.97,1089,50,0,0.6062,441755
513,-1638.93,1370,50,0,0.6057,443125
514,-1151.19,1400,11,0,0.6051,444525
515,-1325.49,1400,26,0,0.6045,445925
516,-1343.73,1400,32,0,0.6039,447325
517,-1372.2,1026,50,0,0.6033,448351
518,-1335.02,834,50,0,0.6027,449185
519,-772.75,840,50,0,0.6021,450025
520,-543.69,1400,0,0,0.6015,451425
521,-977.46,1184,50,0,0.6009,452609
522,-1409.18,1369,50,0,0.6003,453978
523,-554.91,1400,0,0,0.5998,455378
524,-1085.82,1096,50,0,0.5992,456474
525,-513.82,1400,0,0,0.5986,457874
526,-1507.01,1400,41,0,0.598,459274
527,-815.17,1400,17,0,0.5974,460674
528,-854.34,1400,1,0,0.5968,462074
529,-1583.85,1400,39,0,0.5963,463474
530,-628.14,1400,2,0,0.5957,464874
531,-1357.46,901,50,0,0.5951,465775
532,-1387.56,1201,50,0,0.5945,466976
533,-1381.96,1310,50,0,0.5939,468286
534,-1329.14,815,50,0,0.5933,469101
535,-1411.32,1400,40,0,0.5928,470501
536,-592.56,1400,0,0,0.5922,471901
537,-795.35,1400,9,0,0.5916,473301
538,-1936.4,1355,50,0,0.591,474656
539,-1030.26,1400,27,0,0.5905,476056
540,-1967.93,1304,50,0,0.5899,477360
541,-1450.77,1047,50,0,0.5893,478407
542,-1111.79,1400,30,0,0.5887,479807
543,-942.17,1400,18,0,0.5882,481207
544,-1728.39,1223,50,0,0.5876,482430
545,-684.12,1400,0,0,0.587,483830
546,-579.39,1400,0,0,0.5864,485230
547,-1496.68,1346,50,0,0.5859,486576
548,-564.51,1400,0,0,0.5853,487976
549,-984.14,1400,20,0,0.5847,489376
550,-754.24,1400,6,0,0.5841,490776
551,-507.23,1400,0,0,0.5836,492176
552,-1046.76,1400,21,0,0.583,493576
553,-1065.07,691,50,0,0.5824,494267
554,-1607.24,1323,50,0,0.5819,495590
555,-825.83,1400,13,0,0.5813,496990
556,-1946.07,1328,50,0,0.5807,498318
557,-760.88,1400,18,0,0.5802,499718
558,-1048.75,1400,32,0,0.5796,501118
559,-1257.63,907,50,0,0.579,502025
560,-581.1,1400,0,0,0.5785,503425
561,-1395.91,1400,30,0,0.5779,504825
562,-929.52,1400,5,0,0.5773,506225
563,-1848.95,1400,24,0,0.5768,507625
564,-1733.05,1221,50,0,0.5762,508846
565,-1110.46,1034,50,0,0.5756,509880
566,-1158.68,1126,50,0,0.5751,511006
567,-1503.26,1400,41,0,0.5745,512406
568,-1329.15,986,50,0,0.574,513392
569,-605.43,1400,0,0,0.5734,514792
570,-1005.47,733,50,0,0.5728,515525
571,-1001.93,1400,8,0,0.5723,516925
572,-1139.46,739,50,0,0.5717,517664
573,-430.45,1400,0,0,0.5712,519064
574,-973.78,1400,36,0,0.5706,520464
575,-1092.01,1400,14,0,0.57,521864
576,-966.94,1400,24,0,0.5695,523264
577,-672.99,1400,0,0,0.5689,524664
578,-1287.26,1066,50,0,0.5684,525730
579,-1229.83,813,50,0,0.5678,526543
580,-1109.05,1400,20,0,0.5673,527943
581,-619.13,1400,2,0,0.5667,529343
582,-531.99,1400,1,0,0.5662,530743
583,-1901.23,1194,50,0,0.5656,531937
584,-612.05,1400,0,0,0.565,533337
585,-628.13,1400,2,0,0.5645,534737
586,-606.3,1400,0,0,0.5639,536137
587,-1373.43,967,50,0,0.5634,537104
588,-622.97,1400,0,0,0.5628,538504
589,-1301.46,924,50,0,0.5623,539428
590,-1682.17,1400,34,0,0.5617,540828
591,-1072.27,1400,25,0,0.5612,542228
592,-932.92,1400,19,0,0.5606,543628
593,-798.55,1400,2,0,0.5601,545028
594,-1238.39,1400,17,0,0.5596,546428
595,-565.6,1400,0,0,0.559,547828
596,-556.78,1400,1,0,0.5585,549228
597,-632.27,1400,0,0,0.5579,550628
598,-1597.06,1400,37,0,0.5574,552028
599,-543.15,1400,0,0,0.5568,553428
600,-648.28,1400,0,0,0.5563,554828
601,-610.23,1400,0,0,0.5557,556228
602,-1301.83,1400,49,0,0.5552,557628
603,-1449.21,1400,46,0,0.5546,559028
604,-1883.99,1400,45,0,0.5541,560428
605,-977.45,634,50,0,0.5536,561062
606,-557.56,1400,0,0,0.553,562462
607,-916.75,1400,15,0,0.5525,563862
608,-510.16,1400,0,0,0.5519,565262
609,-691.36,1400,4,0,0.5514,566662
610,-556.0,1400,0,0,0.5509,568062
611,-1390.02,1400,21,0,0.5503,569462
612,-1357.93,1400,22,0,0.5498,570862
613,-640.96,1400,0,0,0.5493,572262
614,-514.75,1400,0,0,0.5487,573662
615,-563.84,1400,2,0,0.5482,575062
616,-545.02,1400,3,0,0.5476,576462
617,-512.52,1400,0,0,0.5471,577862
618,-585.63,1400,0,0,0.5466,579262
619,-928.46,1400,18,0,0.546,580662
620,-515.92,1400,2,0,0.5455,582062
621,-1102.39,743,50,0,0.545,582805
622,-1971.15,1400,34,0,0.5444,584205
623,-515.33,1400,0,0,0.5439,585605
624,-718.43,1400,2,0,0.5434,587005
625,-688.96,1400,2,0,0.5428,588405
626,-580.45,1400,0,0,0.5423,589805
627,-583.45,1400,0,0,0.5418,591205
628,-531.76,1400,0,0,0.5413,592605
629,-1120.77,1400,21,0,0.5407,594005
630,-509.8,1400,0,0,0.5402,595405
631,-651.53,1400,2,0,0.5397,596805
632,-564.32,1400,0,0,0.5391,598205
633,-537.45,1400,0,0,0.5386,599605
634,-473.27,1400,0,0,0.5381,601005
635,-535.18,1400,0,0,0.5376,602405
636,-1329.04,1087,50,0,0.537,603492
637,-516.63,1400,0,0,0.5365,604892
638,-502.66,1400,0,0,0.536,606292
639,-1143.45,1400,36,0,0.5355,607692
640,-491.5,1400,0,0,0.5349,609092
641,-524.07,1400,0,0,0.5344,610492
642,-576.45,1400,0,0,0.5339,611892
643,-709.24,1400,0,0,0.5334,613292
644,-503.46,1400,0,0,0.5329,614692
645,-548.93,1400,2,0,0.5323,616092
646,-523.0,1400,0,0,0.5318,617492
647,-489.71,1400,2,0,0.5313,618892
648,-592.04,1400,1,0,0.5308,620292
649,-523.01,1400,1,0,0.5303,621692
650,-516.91,1400,0,0,0.5297,623092
651,-552.63,1400,0,0,0.5292,624492
652,-557.17,1400,0,0,0.5287,625892
653,-519.08,1400,0,0,0.5282,627292
654,-542.1,1400,0,0,0.5277,628692
655,-528.57,1400,0,0,0.5272,630092
656,-552.27,1400,0,0,0.5266,631492
657,-546.09,1400,0,0,0.5261,632892
658,-514.64,1400,0,0,0.5256,634292
659,-511.76,1400,2,0,0.5251,635692
660,-489.18,1400,0,0,0.5246,637092
661,-1022.05,1400,45,0,0.5241,638492
662,-544.33,1400,0,0,0.5236,639892
663,-1246.84,1400,25,0,0.5231,641292
664,-679.26,1400,4,0,0.5225,642692
665,-708.73,1400,0,0,0.522,644092
666,-1458.4,1400,36,0,0.5215,645492
667,-565.52,1400,0,0,0.521,646892
668,-608.56,1400,0,0,0.5205,648292
669,-651.19,1400,3,0,0.52,649692
670,-602.95,1400,0,0,0.5195,651092
671,-1618.54,1400,31,0,0.519,652492
672,-568.83,1400,0,0,0.5185,653892
673,-581.39,1400,0,0,0.518,655292
674,-542.86,1400,0,0,0.5175,656692
675,-566.24,1400,0,0,0.517,658092
676,-592.69,1400,4,0,0.5165,659492
677,-585.67,1400,0,0,0.5159,660892
678,-520.46,1400,0,0,0.5154,662292
679,-580.11,1400,0,0,0.5149,663692
680,-556.04,1400,0,0,0.5144,665092
681,-1388.08,1400,25,0,0.5139,666492
682,-739.17,1400,0,0,0.5134,667892
683,-703.38,1400,0,0,0.5129,669292
684,-693.12,1400,10,0,0.5124,670692
685,-468.67,1400,0,0,0.5119,672092
686,-638.32,1400,8,0,0.5114,673492
687,-1351.55,1400,46,0,0.5109,674892
688,-635.78,1400,3,0,0.5104,676292
689,-1382.71,1400,19,0,0.5099,677692
690,-1288.7,963,50,0,0.5094,678655
691,-1573.64,1400,49,0,0.5089,680055
692,-554.41,1400,0,0,0.5084,681455
693,-1270.97,1400,13,0,0.5079,682855
694,-869.8,1400,8,0,0.5074,684255
695,-1957.34,1400,42,0,0.5069,685655
696,-831.19,1400,4,0,0.5065,687055
697,-592.11,1400,0,0,0.506,688455
698,-535.73,1400,0,0,0.5055,689855
699,-607.79,1400,2,0,0.505,691255
700,-512.21,1400,0,0,0.5045,692655
701,-577.43,1400,3,0,0.504,694055
702,-527.49,1400,0,0,0.5035,695455
703,-531.29,1400,0,0,0.503,696855
704,-1173.23,1400,10,0,0.5025,698255
705,-641.91,1400,1,0,0.502,699655
706,-489.84,1400,2,0,0.5015,701055
707,-1198.43,1400,40,0,0.501,702455
708,-1808.67,1263,50,0,0.5005,703718
709,-788.66,1400,17,0,0.5001,705118
710,-616.24,1400,0,0,0.4996,706518
711,-1387.24,1400,33,0,0.4991,707918
712,-808.2,1400,0,0,0.4986,709318
713,-589.85,1400,0,0,0.4981,710718
714,-536.51,1400,2,0,0.4976,712118
715,-552.67,1400,0,0,0.4971,713518
716,-1726.64,1400,44,0,0.4966,714918
717,-609.02,1400,0,0,0.4962,716318
718,-612.52,1400,0,0,0.4957,717718
719,-537.37,1400,0,0,0.4952,719118
720,-489.12,1400,2,0,0.4947,720518
721,-572.09,1400,2,0,0.4942,721918
722,-533.4,1400,0,0,0.4937,723318
723,-581.44,1400,0,0,0.4933,724718
724,-545.13,1400,0,0,0.4928,726118
725,-720.91,1400,23,0,0.4923,727518
726,-538.27,1400,0,0,0.4918,728918
727,-1059.43,1400,12,0,0.4913,730318
728,-1554.82,1400,35,0,0.4909,731718
729,-860.84,1400,6,0,0.4904,733118
730,-739.35,1400,6,0,0.4899,734518
731,-642.68,1400,1,0,0.4894,735918
732,-1219.66,1400,20,0,0.4889,737318
733,-480.87,1400,0,0,0.4885,738718
734,-627.73,1400,2,0,0.488,740118
735,-824.98,1400,1,0,0.4875,741518
736,-1203.85,1400,1,0,0.487,742918
737,-557.54,1400,0,0,0.4866,744318
738,-1262.59,1400,22,0,0.4861,745718
739,-578.97,1400,0,0,0.4856,747118
740,-428.9,1400,0,0,0.4851,748518
741,-1205.11,1400,29,0,0.4847,749918
742,-1232.78,1400,19,0,0.4842,751318
743,-649.4,1400,0,0,0.4837,752718
744,-1368.16,1400,26,0,0.4832,754118
745,-1445.85,1400,22,0,0.4828,755518
746,-561.35,1400,0,0,0.4823,756918
747,-1576.58,1400,34,0,0.4818,758318
748,-496.3,1400,2,0,0.4814,759718
749,-1324.39,1400,6,0,0.4809,761118
750,-1281.25,1400,45,0,0.4804,762518
751,-563.55,1400,2,0,0.4799,763918
752,-596.74,1400,0,0,0.4795,765318
753,-634.25,1400,1,0,0.479,766718
754,-525.93,1400,0,0,0.4785,768118
755,-1487.15,1400,20,0,0.4781,769518
756,-1268.72,1400,36,0,0.4776,770918
757,-1500.39,1400,30,0,0.4771,772318
758,-565.89,1400,0,0,0.4767,773718
759,-1127.89,1400,4,0,0.4762,775118
760,-489.07,1400,0,0,0.4757,776518
761,-564.47,1400,0,0,0.4753,777918
762,-525.41,1400,2,0,0.4748,779318
763,-960.89,1400,5,0,0.4743,780718
764,-474.72,1400,0,0,0.4739,782118
765,-584.76,1400,0,0,0.4734,783518
766,-502.16,1400,0,0,0.473,784918
767,-505.59,1400,1,0,0.4725,786318
768,-539.53,1400,0,0,0.472,787718
769,-1111.92,1400,10,0,0.4716,789118
770,-1280.7,1400,18,0,0.4711,790518
771,-1370.45,1400,21,0,0.4707,791918
772,-497.51,1400,0,0,0.4702,793318
773,-531.15,1400,2,0,0.4697,794718
774,-1192.47,1400,23,0,0.4693,796118
775,-606.03,1400,4,0,0.4688,797518
776,-596.53,1400,0,0,0.4684,798918
777,-827.35,1400,0,0,0.4679,800318
778,-516.22,1400,1,0,0.4674,801718
779,-512.14,1400,0,0,0.467,803118
780,-1098.79,1400,3,0,0.4665,804518
781,-515.8,1400,3,0,0.4661,805918
782,-507.1,1400,0,0,0.4656,807318
783,-581.51,1400,0,0,0.4652,808718
784,-787.4,1400,2,0,0.4647,810118
785,-1420.91,1400,25,0,0.4643,811518
786,-1064.98,1400,4,0,0.4638,812918
787,-531.36,1400,1,0,0.4633,814318
788,-663.25,1400,0,0,0.4629,815718
789,-497.46,1400,0,0,0.4624,817118
790,-581.71,1400,0,0,0.462,818518
791,-1084.68,1400,11,0,0.4615,819918
792,-1195.12,1400,12,0,0.4611,821318
793,-638.77,1400,0,0,0.4606,822718
794,-1367.92,1400,27,0,0.4602,824118
795,-682.84,1400,0,0,0.4597,825518
796,-713.85,1400,2,0,0.4593,826918
797,-532.84,1400,0,0,0.4588,828318
798,-533.03,1400,0,0,0.4584,829718
799,-513.7,1400,0,0,0.4579,831118
800,-1744.8,1213,50,0,0.4575,832331
801,-566.37,1400,0,0,0.4571,833731
802,-547.31,1400,0,0,0.4566,835131
803,-548.23,1400,0,0,0.4562,836531
804,-576.8,1400,0,0,0.4557,837931
805,-1028.62,1400,0,0,0.4553,839331
806,-568.61,1400,0,0,0.4548,840731
807,-1454.56,1400,32,0,0.4544,842131
808,-549.28,1400,0,0,0.4539,843531
809,-643.45,1400,0,0,0.4535,844931
810,-567.16,1400,0,0,0.453,846331
811,-963.07,1400,2,0,0.4526,847731
812,-1789.0,1400,31,0,0.4522,849131
813,-695.63,1400,0,0,0.4517,850531
814,-521.85,1400,0,0,0.4513,851931
815,-567.18,1400,2,0,0.4508,853331
816,-516.62,1400,0,0,0.4504,854731
817,-512.64,1400,0,0,0.45,856131
818,-578.95,1400,2,0,0.4495,857531
819,-504.05,1400,0,0,0.4491,858931
820,-497.2,1400,0,0,0.4486,860331
821,-1253.31,1400,9,0,0.4482,861731
822,-538.49,1400,0,0,0.4478,863131
823,-532.27,1400,0,0,0.4473,864531
824,-1246.06,1400,11,0,0.4469,865931
825,-541.67,1400,2,0,0.4465,867331
826,-575.39,1400,0,0,0.446,868731
827,-902.66,1400,5,0,0.4456,870131
828,-587.52,1400,0,0,0.4451,871531
829,-991.69,1400,17,0,0.4447,872931
830,-569.11,1400,0,0,0.4443,874331
831,-524.04,1400,2,0,0.4438,875731
832,-486.34,1400,0,0,0.4434,877131
833,-554.33,1400,0,0,0.443,878531
834,-538.55,1400,0,0,0.4425,879931
835,-509.64,1400,0,0,0.4421,881331
836,-1335.68,1400,10,0,0.4417,882731
837,-1321.11,1400,33,0,0.4412,884131
838,-1265.2,1400,27,0,0.4408,885531
839,-556.4,1400,0,0,0.4404,886931
840,-1096.59,1400,10,0,0.44,888331
841,-672.07,1400,2,0,0.4395,889731
842,-558.08,1400,0,0,0.4391,891131
843,-1372.08,1400,9,0,0.4387,892531
844,-794.36,1400,11,0,0.4382,893931
845,-554.67,1400,0,0,0.4378,895331
846,-512.03,1400,0,0,0.4374,896731
847,-508.52,1400,0,0,0.437,898131
848,-1179.31,1400,10,0,0.4365,899531
849,-531.54,1400,0,0,0.4361,900931
850,-498.02,1400,0,0,0.4357,902331
851,-526.97,1400,0,0,0.4353,903731
852,-532.05,1400,0,0,0.4348,905131
853,-499.86,1400,0,0,0.4344,906531
854,-531.36,1400,0,0,0.434,907931
855,-547.81,1400,0,0,0.4336,909331
856,-1041.26,1400,3,0,0.4331,910731
857,-518.79,1400,0,0,0.4327,912131
858,-1055.78,1400,6,0,0.4323,913531
859,-1515.23,1400,33,0,0.4319,914931
860,-529.9,1400,0,0,0.4314,916331
861,-1282.67,1400,19,0,0.431,917731
862,-579.34,1400,0,0,0.4306,919131
863,-597.7,1400,2,0,0.4302,920531
864,-1147.16,1400,16,0,0.4298,921931
865,-519.93,1400,2,0,0.4293,923331
866,-564.57,1400,2,0,0.4289,924731
867,-543.07,1400,0,0,0.4285,926131
868,-520.3,1400,0,0,0.4281,927531
869,-636.45,1400,2,0,0.4277,928931
870,-565.54,1400,0,0,0.4272,930331
871,-566.31,1400,0,0,0.4268,931731
872,-537.04,1400,0,0,0.4264,933131
873,-597.06,1400,0,0,0.426,934531
874,-605.67,1400,0,0,0.4256,935931
875,-532.23,1400,0,0,0.4252,937331
876,-586.87,1400,2,0,0.4247,938731
877,-480.0,1400,0,0,0.4243,940131
878,-575.61,1400,0,0,0.4239,941531
879,-597.07,1400,0,0,0.4235,942931
880,-537.94,1400,0,0,0.4231,944331
881,-525.74,1400,0,0,0.4227,945731
882,-917.79,1400,2,0,0.4223,947131
883,-578.63,1400,0,0,0.4218,948531
884,-618.71,1400,0,0,0.4214,949931
885,-1497.39,1400,29,0,0.421,951331
886,-538.51,1400,0,0,0.4206,952731
887,-540.29,1400,0,0,0.4202,954131
888,-539.75,1400,0,0,0.4198,955531
889,-553.73,1400,0,0,0.4194,956931
890,-1065.5,1400,1,0,0.419,958331
891,-527.22,1400,0,0,0.4186,959731
892,-557.38,1400,0,0,0.4182,961131
893,-777.33,1400,2,0,0.4177,962531
894,-517.53,1400,0,0,0.4173,963931
895,-977.0,1400,2,0,0.4169,965331
896,-561.59,1400,0,0,0.4165,966731
897,-1032.05,1400,9,0,0.4161,968131
898,-561.71,1400,0,0,0.4157,969531
899,-527.99,1400,0,0,0.4153,970931
900,-483.18,1400,0,0,0.4149,972331
901,-1005.75,1400,12,0,0.4145,973731
902,-474.87,1400,0,0,0.4141,975131
903,-559.94,1400,0,0,0.4137,976531
904,-978.89,1400,6,0,0.4133,977931
905,-503.93,1400,0,0,0.4129,979331
906,-894.84,1400,2,0,0.4125,980731
907,-776.89,1400,9,0,0.4121,982131
908,-920.41,1400,7,0,0.4117,983531
909,-531.28,1400,0,0,0.4113,984931
910,-522.78,1400,1,0,0.4109,986331
911,-566.34,1400,0,0,0.4105,987731
912,-1090.1,1400,12,0,0.4101,989131
913,-620.88,1400,0,0,0.4097,990531
914,-1032.98,1400,13,0,0.4093,991931
915,-1018.51,1400,8,0,0.4089,993331
916,-519.78,1400,0,0,0.4085,994731
917,-601.0,1400,0,0,0.4081,996131
918,-1169.28,1400,6,0,0.4077,997531
919,-934.64,1400,0,0,0.4073,998931
920,-526.12,1400,0,0,0.4069,1000000
921,-513.34,1400,0,0,0.4065,1000000
922,-864.85,1400,13,0,0.4061,1000000
923,-913.7,1400,0,0,0.4057,1000000
924,-444.96,1400,0,0,0.4053,1000000
925,-564.25,1400,2,0,0.4049,1000000
926,-967.47,1400,0,0,0.4045,1000000
927,-480.02,1400,0,0,0.4041,1000000
928,-520.8,1400,0,0,0.4037,1000000
929,-987.15,1400,5,0,0.4033,1000000
930,-597.02,1400,0,0,0.4029,1000000
931,-485.46,1400,1,0,0.4025,1000000
932,-641.55,1400,0,0,0.4021,1000000
933,-978.79,1400,14,0,0.4017,1000000
934,-1165.79,1400,11,0,0.4013,1000000
935,-513.43,1400,0,0,0.4009,1000000
936,-483.41,1400,0,0,0.4005,1000000
937,-1009.16,1400,9,0,0.4002,1000000
938,-629.4,1400,0,0,0.3998,1000000
939,-1192.94,1400,21,0,0.3994,1000000
940,-645.2,1400,0,0,0.399,1000000
941,-624.13,1400,0,0,0.3986,1000000
942,-966.32,1400,5,0,0.3982,1000000
943,-990.95,1400,1,0,0.3978,1000000
944,-953.64,1400,6,0,0.3974,1000000
945,-488.94,1400,0,0,0.397,1000000
946,-893.32,1400,3,0,0.3967,1000000
947,-569.44,1400,2,0,0.3963,1000000
948,-610.8,1400,0,0,0.3959,1000000
949,-890.66,1400,7,0,0.3955,1000000
950,-1437.68,1400,25,0,0.3951,1000000
951,-735.02,1400,0,0,0.3947,1000000
952,-680.79,1400,0,0,0.3943,1000000
953,-536.11,1400,0,0,0.3939,1000000
954,-602.0,1400,5,0,0.3936,1000000
955,-481.8,1400,0,0,0.3932,1000000
956,-659.85,1400,2,0,0.3928,1000000
957,-552.36,1400,0,0,0.3924,1000000
958,-854.51,1400,4,0,0.392,1000000
959,-565.95,1400,0,0,0.3916,1000000
960,-1023.36,1400,7,0,0.3913,1000000
961,-480.84,1400,0,0,0.3909,1000000
962,-568.88,1400,0,0,0.3905,1000000
963,-1099.44,1400,7,0,0.3901,1000000
964,-564.93,1400,2,0,0.3897,1000000
965,-851.86,1400,12,0,0.3894,1000000
966,-1802.61,1400,28,0,0.389,1000000
967,-1197.69,1400,6,0,0.3886,1000000
968,-592.89,1400,0,0,0.3882,1000000
969,-840.19,1400,3,0,0.3878,1000000
970,-1177.75,1400,5,0,0.3875,1000000
971,-651.63,1400,4,0,0.3871,1000000
972,-1166.02,1400,8,0,0.3867,1000000
973,-1235.43,1400,6,0,0.3863,1000000
974,-511.35,1400,0,0,0.3859,1000000
975,-943.94,1400,3,0,0.3856,1000000
976,-1324.15,1400,14,0,0.3852,1000000
977,-692.42,1400,2,0,0.3848,1000000
978,-763.99,1400,2,0,0.3844,1000000
979,-1030.81,1400,2,0,0.3841,1000000
980,-820.89,1400,2,0,0.3837,1000000
981,-588.32,1400,0,0,0.3833,1000000
982,-742.04,1400,2,0,0.3829,1000000
983,-1172.99,1400,19,0,0.3826,1000000
984,-492.37,1400,0,0,0.3822,1000000
985,-794.61,1400,8,0,0.3818,1000000
986,-1147.02,1400,4,0,0.3814,1000000
987,-649.08,1400,0,0,0.3811,1000000
988,-636.19,1400,0,0,0.3807,1000000
989,-537.36,1400,0,0,0.3803,1000000
990,-862.94,1400,0,0,0.38,1000000
991,-785.17,1400,0,0,0.3796,1000000
992,-1115.2,1400,10,0,0.3792,1000000
993,-998.03,1400,15,0,0.3788,1000000
994,-1358.3,1400,23,0,0.3785,1000000
995,-1308.5,1400,4,0,0.3781,1000000
996,-879.58,1400,11,0,0.3777,1000000
997,-611.13,1400,0,0,0.3774,1000000
998,-598.8,1400,0,0,0.377,1000000
999,-553.38,1400,1,0,0.3766,1000000
1000,-755.89,1400,2,0,0.3763,1000000
1001,-1250.84,1400,15,0,0.3759,1000000
1002,-811.19,1400,9,0,0.3755,1000000
1003,-889.5,1400,10,0,0.3752,1000000
1004,-686.24,1400,2,0,0.3748,1000000
1005,-700.48,1400,0,0,0.3744,1000000
1006,-580.62,1400,0,0,0.3741,1000000
1007,-985.64,1400,14,0,0.3737,1000000
1008,-851.31,1400,5,0,0.3733,1000000
1009,-1204.22,1400,18,0,0.373,1000000
1010,-1159.28,1400,4,0,0.3726,1000000
1011,-845.96,1400,0,0,0.3722,1000000
1012,-881.45,1400,5,0,0.3719,1000000
1013,-1168.84,1400,5,0,0.3715,1000000
1014,-1502.28,1400,9,0,0.3711,1000000
1015,-819.86,1400,0,0,0.3708,1000000
1016,-502.96,1400,0,0,0.3704,1000000
1017,-942.19,1400,2,0,0.3701,1000000
1018,-844.59,1400,5,0,0.3697,1000000
1019,-1141.43,1400,3,0,0.3693,1000000
1020,-533.8,1400,1,0,0.369,1000000
1021,-962.36,1400,1,0,0.3686,1000000
1022,-636.56,1400,0,0,0.3683,1000000
1023,-522.54,1400,0,0,0.3679,1000000
1024,-650.9,1400,0,0,0.3675,1000000
1025,-1007.11,1400,3,0,0.3672,1000000
1026,-938.68,1400,1,0,0.3668,1000000
1027,-1130.89,1400,1,0,0.3665,1000000
1028,-1203.79,1400,12,0,0.3661,1000000
1029,-543.92,1400,0,0,0.3657,1000000
1030,-763.16,1400,0,0,0.3654,1000000
1031,-1835.58,1400,26,0,0.365,1000000
1032,-524.21,1400,0,0,0.3647,1000000
1033,-966.02,1400,2,0,0.3643,1000000
1034,-1395.62,1400,16,0,0.364,1000000
1035,-1319.49,1400,6,0,0.3636,1000000
1036,-471.73,1400,0,0,0.3632,1000000
1037,-524.68,1400,0,0,0.3629,1000000
1038,-861.76,1400,0,0,0.3625,1000000
1039,-1068.31,1400,3,0,0.3622,1000000
1040,-649.33,1400,0,0,0.3618,1000000
1041,-570.26,1400,0,0,0.3615,1000000
1042,-619.96,1400,0,0,0.3611,1000000
1043,-973.72,1400,0,0,0.3608,1000000
1044,-519.88,1400,0,0,0.3604,1000000
1045,-1202.77,1400,15,0,0.3601,1000000
1046,-1147.64,1400,11,0,0.3597,1000000
1047,-1246.52,1400,18,0,0.3594,1000000
1048,-1308.64,1400,4,0,0.359,1000000
1049,-632.61,1400,1,0,0.3587,1000000
1050,-957.35,1400,3,0,0.3583,1000000
1051,-1356.14,1400,12,0,0.358,1000000
1052,-666.66,1400,0,0,0.3576,1000000
1053,-683.32,1400,1,0,0.3573,1000000
1054,-1153.34,1400,7,0,0.3569,1000000
1055,-539.09,1400,2,0,0.3566,1000000
1056,-741.5,1400,4,0,0.3562,1000000
1057,-1216.08,1400,14,0,0.3559,1000000
1058,-1374.75,1400,25,0,0.3555,1000000
1059,-724.22,1400,0,0,0.3552,1000000
1060,-940.31,1400,5,0,0.3548,1000000
1061,-1279.32,1400,12,0,0.3545,1000000
1062,-1426.71,1400,1,0,0.3541,1000000
1063,-544.11,1400,0,0,0.3538,1000000
1064,-686.04,1400,0,0,0.3534,1000000
1065,-1173.37,1400,0,0,0.3531,1000000
1066,-1425.64,1400,16,0,0.3528,1000000
1067,-935.78,1400,4,0,0.3524,1000000
1068,-998.04,1400,5,0,0.3521,1000000
1069,-681.5,1400,0,0,0.3517,1000000
1070,-511.69,1400,0,0,0.3514,1000000
1071,-1158.33,1400,9,0,0.351,1000000
1072,-1345.99,1400,6,0,0.3507,1000000
1073,-835.42,1400,0,0,0.3503,1000000
1074,-762.0,1400,0,0,0.35,1000000
1075,-586.36,1400,0,0,0.3497,1000000
1076,-474.4,1400,1,0,0.3493,1000000
1077,-1146.46,1400,11,0,0.349,1000000
1078,-804.03,1400,0,0,0.3486,1000000
1079,-547.29,1400,0,0,0.3483,1000000
1080,-1152.75,1400,9,0,0.348,1000000
1081,-1077.0,1400,3,0,0.3476,1000000
1082,-1128.19,1400,0,0,0.3473,1000000
1083,-1195.83,1400,7,0,0.3469,1000000
1084,-593.04,1400,0,0,0.3466,1000000
1085,-527.15,1400,0,0,0.3463,1000000
1086,-541.0,1400,0,0,0.3459,1000000
1087,-444.45,1400,0,0,0.3456,1000000
1088,-995.34,1400,7,0,0.3452,1000000
1089,-1123.48,1400,13,0,0.3449,1000000
1090,-763.26,1400,13,0,0.3446,1000000
1091,-1017.55,1400,7,0,0.3442,1000000
1092,-755.96,1400,0,0,0.3439,1000000
1093,-1010.12,1400,3,0,0.3436,1000000
1094,-571.68,1400,0,0,0.3432,1000000
1095,-619.86,1400,0,0,0.3429,1000000
1096,-1501.57,1400,6,0,0.3426,1000000
1097,-483.5,1400,0,0,0.3422,1000000
1098,-1067.58,1400,5,0,0.3419,1000000
1099,-1263.18,1400,6,0,0.3416,1000000
1100,-463.02,1400,0,0,0.3412,1000000
1101,-1193.81,1400,12,0,0.3409,1000000
1102,-808.27,1400,4,0,0.3406,1000000
1103,-1255.46,1400,21,0,0.3402,1000000
1104,-1182.17,1400,14,0,0.3399,1000000
1105,-1141.01,1400,2,0,0.3396,1000000
1106,-982.95,1400,3,0,0.3392,1000000
1107,-571.27,1400,0,0,0.3389,1000000
1108,-456.12,1400,0,0,0.3386,1000000
1109,-681.32,1400,0,0,0.3382,1000000
1110,-715.54,1400,0,0,0.3379,1000000
1111,-536.16,1400,0,0,0.3376,1000000
1112,-1295.22,1400,12,0,0.3372,1000000
1113,-895.47,1400,2,0,0.3369,1000000
1114,-1128.49,1400,8,0,0.3366,1000000
1115,-873.73,1400,2,0,0.3363,1000000
1116,-1146.02,1400,16,0,0.3359,1000000
1117,-1175.07,1400,13,0,0.3356,1000000
1118,-679.74,1400,0,0,0.3353,1000000
1119,-648.58,1400,0,0,0.3349,1000000
1120,-908.55,1400,1,0,0.3346,1000000
1121,-1232.93,1400,2,0,0.3343,1000000
1122,-1057.0,1400,7,0,0.334,1000000
1123,-1043.13,1400,0,0,0.3336,1000000
1124,-573.0,1400,0,0,0.3333,1000000
1125,-601.6,1400,0,0,0.333,1000000
1126,-752.28,1400,0,0,0.3327,1000000
1127,-546.08,1400,0,0,0.3323,1000000
1128,-813.08,1400,2,0,0.332,1000000
1129,-939.93,1400,0,0,0.3317,1000000
1130,-479.83,1400,0,0,0.3314,1000000
1131,-993.93,1400,3,0,0.331,1000000
1132,-879.34,1400,0,0,0.3307,1000000
1133,-928.41,1400,0,0,0.3304,1000000
1134,-450.12,1400,0,0,0.3301,1000000
1135,-850.71,1400,0,0,0.3297,1000000
1136,-963.57,1400,4,0,0.3294,1000000
1137,-1167.77,1400,3,0,0.3291,1000000
1138,-1064.79,1400,1,0,0.3288,1000000
1139,-1377.91,1400,6,0,0.3285,1000000
1140,-532.08,1400,0,0,0.3281,1000000
1141,-569.31,1400,1,0,0.3278,1000000
1142,-1409.75,1400,10,0,0.3275,1000000
1143,-607.01,1400,1,0,0.3272,1000000
1144,-598.44,1400,0,0,0.3269,1000000
1145,-1036.19,1400,2,0,0.3265,1000000
1146,-651.92,1400,0,0,0.3262,1000000
1147,-960.88,1400,7,0,0.3259,1000000
1148,-594.0,1400,0,0,0.3256,1000000
1149,-1158.63,1400,6,0,0.3253,1000000
1150,-1278.89,1400,2,0,0.3249,1000000
1151,-802.64,1400,1,0,0.3246,1000000
1152,-1039.59,1400,1,0,0.3243,1000000
1153,-618.03,1400,0,0,0.324,1000000
1154,-622.15,1400,0,0,0.3237,1000000
1155,-649.81,1400,1,0,0.3234,1000000
1156,-989.45,1400,0,0,0.323,1000000
1157,-583.03,1400,0,0,0.3227,1000000
1158,-1155.57,1400,4,0,0.3224,1000000
1159,-1337.88,1400,1,0,0.3221,1000000
1160,-1410.31,1400,3,0,0.3218,1000000
1161,-1287.01,1400,7,0,0.3215,1000000
1162,-1398.5,1400,7,0,0.3212,1000000
1163,-961.85,1400,2,0,0.3208,1000000
1164,-1193.63,1400,4,0,0.3205,1000000
1165,-1139.85,1400,7,0,0.3202,1000000
1166,-499.94,1400,0,0,0.3199,1000000
1167,-1432.22,1400,4,0,0.3196,1000000
1168,-1168.15,1400,14,0,0.3193,1000000
1169,-780.01,1400,0,0,0.319,1000000
1170,-752.29,1400,2,0,0.3187,1000000
1171,-599.11,1400,0,0,0.3183,1000000
1172,-895.43,1400,0,0,0.318,1000000
1173,-1097.89,1400,2,0,0.3177,1000000
1174,-977.6,1400,2,0,0.3174,1000000
1175,-501.39,1400,2,0,0.3171,1000000
1176,-1221.18,1400,23,0,0.3168,1000000
1177,-622.4,1400,2,0,0.3165,1000000
1178,-1079.69,1400,3,0,0.3162,1000000
1179,-451.53,1400,0,0,0.3159,1000000
1180,-820.0,1400,1,0,0.3156,1000000
1181,-816.47,1400,4,0,0.3152,1000000
1182,-1224.08,1400,5,0,0.3149,1000000
1183,-881.33,1400,0,0,0.3146,1000000
1184,-527.96,1400,0,0,0.3143,1000000
1185,-1039.2,1400,2,0,0.314,1000000
1186,-1112.66,1400,0,0,0.3137,1000000
1187,-772.99,1400,0,0,0.3134,1000000
1188,-1317.72,1400,6,0,0.3131,1000000
1189,-1466.85,1400,4,0,0.3128,1000000
1190,-1369.36,1400,5,0,0.3125,1000000
1191,-1047.7,1400,3,0,0.3122,1000000
1192,-1057.81,1400,6,0,0.3119,1000000
1193,-1061.46,1400,4,0,0.3116,1000000
1194,-1012.96,1400,3,0,0.3113,1000000
1195,-970.5,1400,1,0,0.311,1000000
1196,-969.06,1400,0,0,0.3107,1000000
1197,-620.25,1400,0,0,0.3104,1000000
1198,-723.77,1400,0,0,0.3101,1000000
1199,-955.46,1400,8,0,0.3097,1000000
1200,-1032.3,1400,5,0,0.3094,1000000
1201,-946.6,1400,3,0,0.3091,1000000
1202,-1025.57,1400,4,0,0.3088,1000000
1203,-639.9,1400,1,0,0.3085,1000000
1204,-1037.87,1400,0,0,0.3082,1000000
1205,-761.38,1400,1,0,0.3079,1000000
1206,-689.58,1400,0,0,0.3076,1000000
1207,-1085.52,1400,0,0,0.3073,1000000
1208,-754.16,1400,2,0,0.307,1000000
1209,-886.87,1400,4,0,0.3067,1000000
1210,-892.0,1400,0,0,0.3064,1000000
1211,-685.79,1400,0,0,0.3061,1000000
1212,-605.18,1400,1,0,0.3058,1000000
1213,-685.6,1400,0,0,0.3055,1000000
1214,-562.87,1400,0,0,0.3052,1000000
1215,-481.64,1400,0,0,0.3049,1000000
1216,-1052.83,1400,0,0,0.3046,1000000
1217,-695.82,1400,0,0,0.3043,1000000
1218,-961.18,1400,0,0,0.304,1000000
1219,-950.64,1400,1,0,0.3038,1000000
1220,-561.84,1400,0,0,0.3035,1000000
1221,-776.39,1400,3,0,0.3032,1000000
1222,-759.63,1400,0,0,0.3029,1000000
1223,-444.86,1400,0,0,0.3026,1000000
1224,-628.64,1400,2,0,0.3023,1000000
1225,-1230.26,1400,1,0,0.302,1000000
1226,-1070.65,1400,0,0,0.3017,1000000
1227,-578.5,1400,1,0,0.3014,1000000
1228,-1009.19,1400,3,0,0.3011,1000000
1229,-689.28,1400,1,0,0.3008,1000000
1230,-943.57,1400,2,0,0.3005,1000000
1231,-1103.85,1400,2,0,0.3002,1000000
1232,-521.41,1400,0,0,0.2999,1000000
1233,-964.86,1400,6,0,0.2996,1000000
1234,-778.49,1400,2,0,0.2993,1000000
1235,-659.73,1400,0,0,0.299,1000000
1236,-520.38,1400,0,0,0.2987,1000000
1237,-819.24,1400,0,0,0.2985,1000000
1238,-864.47,1400,0,0,0.2982,1000000
1239,-1095.55,1400,5,0,0.2979,1000000
1240,-584.52,1400,2,0,0.2976,1000000
1241,-635.13,1400,0,0,0.2973,1000000
1242,-850.96,1400,3,0,0.297,1000000
1243,-533.12,1400,0,0,0.2967,1000000
1244,-525.7,1400,0,0,0.2964,1000000
1245,-481.89,1400,0,0,0.2961,1000000
1246,-1463.39,1400,8,0,0.2958,1000000
1247,-863.56,1400,2,0,0.2956,1000000
1248,-923.48,1400,2,0,0.2953,1000000
1249,-497.35,1400,0,0,0.295,1000000
1250,-412.95,1400,0,0,0.2947,1000000
1251,-916.69,1400,0,0,0.2944,1000000
1252,-902.6,1400,0,0,0.2941,1000000
1253,-838.58,1400,3,0,0.2938,1000000
1254,-917.85,1400,4,0,0.2935,1000000
1255,-614.34,1400,4,0,0.2932,1000000
1256,-774.68,1400,0,0,0.293,1000000
1257,-1092.4,1400,2,0,0.2927,1000000
1258,-813.75,1400,2,0,0.2924,1000000
1259,-710.51,1400,0,0,0.2921,1000000
1260,-858.11,1400,2,0,0.2918,1000000
1261,-969.96,1400,7,0,0.2915,1000000
1262,-862.09,1400,1,0,0.2912,1000000
1263,-622.89,1400,0,0,0.291,1000000
1264,-838.56,1400,0,0,0.2907,1000000
1265,-912.76,1400,0,0,0.2904,1000000
1266,-929.86,1400,5,0,0.2901,1000000
1267,-492.21,1400,0,0,0.2898,1000000
1268,-623.88,1400,0,0,0.2895,1000000
1269,-784.64,1400,6,0,0.2893,1000000
1270,-1059.65,1400,5,0,0.289,1000000
1271,-755.84,1400,0,0,0.2887,1000000
1272,-659.79,1400,0,0,0.2884,1000000
1273,-469.41,1400,0,0,0.2881,1000000
1274,-431.02,1400,0,0,0.2879,1000000
1275,-516.47,1400,0,0,0.2876,1000000
1276,-468.28,1400,1,0,0.2873,1000000
1277,-585.69,1400,0,0,0.287,1000000
1278,-598.62,1400,0,0,0.2867,1000000
1279,-471.83,1400,0,0,0.2864,1000000
1280,-510.92,1400,0,0,0.2862,1000000
1281,-493.4,1400,0,0,0.2859,1000000
1282,-754.09,1400,3,0,0.2856,1000000
1283,-653.23,1400,4,0,0.2853,1000000
1284,-731.96,1400,0,0,0.2851,1000000
1285,-494.32,1400,0,0,0.2848,1000000
1286,-469.8,1400,0,0,0.2845,1000000
1287,-412.14,1400,0,0,0.2842,1000000
1288,-482.03,1400,0,0,0.2839,1000000
1289,-629.39,1400,5,0,0.2837,1000000
1290,-596.25,1400,2,0,0.2834,1000000
1291,-435.87,1400,0,0,0.2831,1000000
1292,-429.84,1400,0,0,0.2828,1000000
1293,-459.01,1400,0,0,0.2826,1000000
1294,-456.46,1400,0,0,0.2823,1000000
1295,-537.76,1400,0,0,0.282,1000000
1296,-667.95,1400,2,0,0.2817,1000000
1297,-822.39,1400,0,0,0.2815,1000000
1298,-435.1,1400,0,0,0.2812,1000000
1299,-606.66,1400,0,0,0.2809,1000000
1300,-567.59,1400,2,0,0.2806,1000000
1301,-611.62,1400,0,0,0.2804,1000000
1302,-527.69,1400,1,0,0.2801,1000000
1303,-414.83,1400,0,0,0.2798,1000000
1304,-669.19,1400,0,0,0.2795,1000000
1305,-2102.07,1400,12,0,0.2793,1000000
1306,-478.59,1400,0,0,0.279,1000000
1307,-655.64,1400,6,0,0.2787,1000000
1308,-485.44,1400,1,0,0.2784,1000000
1309,-452.39,1400,0,0,0.2782,1000000
1310,-434.51,1400,0,0,0.2779,1000000
1311,-461.61,1400,0,0,0.2776,1000000
1312,-453.08,1400,1,0,0.2774,1000000
1313,-524.2,1400,0,0,0.2771,1000000
1314,-619.91,1400,0,0,0.2768,1000000
1315,-605.3,1400,3,0,0.2765,1000000
1316,-464.7,1400,0,0,0.2763,1000000
1317,-556.81,1400,1,0,0.276,1000000
1318,-461.2,1400,0,0,0.2757,1000000
1319,-549.05,1400,1,0,0.2755,1000000
1320,-540.2,1400,0,0,0.2752,1000000
1321,-484.39,1400,4,0,0.2749,1000000
1322,-580.29,1400,0,0,0.2747,1000000
1323,-723.67,1400,1,0,0.2744,1000000
1324,-434.62,1400,0,0,0.2741,1000000
1325,-462.39,1400,0,0,0.2739,1000000
1326,-860.02,1400,4,0,0.2736,1000000
1327,-420.05,1400,0,0,0.2733,1000000
1328,-460.75,1400,0,0,0.2731,1000000
1329,-403.21,1400,0,0,0.2728,1000000
1330,-612.7,1400,6,0,0.2725,1000000
1331,-498.55,1400,0,0,0.2723,1000000
1332,-474.24,1400,0,0,0.272,1000000
1333,-463.03,1400,0,0,0.2717,1000000
1334,-412.88,1400,0,0,0.2715,1000000
1335,-436.68,1400,1,0,0.2712,1000000
1336,-546.08,1400,0,0,0.2709,1000000
1337,-631.61,1400,0,0,0.2707,1000000
1338,-618.83,1400,0,0,0.2704,1000000
1339,-495.65,1400,0,0,0.2701,1000000
1340,-593.17,1400,0,0,0.2699,1000000
1341,-425.52,1400,2,0,0.2696,1000000
1342,-548.48,1400,2,0,0.2693,1000000
1343,-540.27,1400,0,0,0.2691,1000000
1344,-636.69,1400,0,0,0.2688,1000000
1345,-464.85,1400,0,0,0.2686,1000000
1346,-392.03,1400,0,0,0.2683,1000000
1347,-951.71,1400,0,0,0.268,1000000
1348,-583.6,1400,0,0,0.2678,1000000
1349,-672.26,1400,0,0,0.2675,1000000
1350,-514.05,1400,0,0,0.2672,1000000
1351,-1954.8,1400,3,0,0.267,1000000
1352,-455.18,1400,1,0,0.2667,1000000
1353,-707.44,1400,0,0,0.2665,1000000
1354,-559.18,1400,0,0,0.2662,1000000
1355,-460.91,1400,0,0,0.2659,1000000
1356,-417.17,1400,0,0,0.2657,1000000
1357,-376.29,1400,0,0,0.2654,1000000
1358,-523.94,1400,0,0,0.2652,1000000
1359,-425.3,1400,0,0,0.2649,1000000
1360,-734.4,1400,0,0,0.2646,1000000
1361,-497.38,1400,0,0,0.2644,1000000
1362,-453.18,1400,0,0,0.2641,1000000
1363,-539.69,1400,0,0,0.2639,1000000
1364,-448.97,1400,0,0,0.2636,1000000
1365,-499.67,1400,0,0,0.2634,1000000
1366,-522.34,1400,1,0,0.2631,1000000
1367,-477.24,1400,0,0,0.2628,1000000
1368,-602.89,1400,0,0,0.2626,1000000
1369,-485.83,1400,0,0,0.2623,1000000
1370,-570.2,1400,0,0,0.2621,1000000
1371,-461.76,1400,0,0,0.2618,1000000
1372,-508.53,1400,0,0,0.2616,1000000
1373,-399.37,1400,0,0,0.2613,1000000
1374,-752.65,1400,1,0,0.261,1000000
1375,-556.93,1400,0,0,0.2608,1000000
1376,-471.66,1400,0,0,0.2605,1000000
1377,-555.5,1400,0,0,0.2603,1000000
1378,-496.32,1400,0,0,0.26,1000000
1379,-488.12,1400,0,0,0.2598,1000000
1380,-471.13,1400,2,0,0.2595,1000000
1381,-522.84,1400,0,0,0.2593,1000000
1382,-493.43,1400,0,0,0.259,1000000
1383,-541.66,1400,0,0,0.2588,1000000
1384,-447.41,1400,0,0,0.2585,1000000
1385,-462.32,1400,0,0,0.2583,1000000
1386,-689.46,1400,0,0,0.258,1000000
1387,-585.36,1400,0,0,0.2578,1000000
1388,-569.29,1400,0,0,0.2575,1000000
1389,-533.84,1400,3,0,0.2572,1000000
1390,-455.15,1400,0,0,0.257,1000000
1391,-431.38,1400,0,0,0.2567,1000000
1392,-554.35,1400,0,0,0.2565,1000000
1393,-589.26,1400,0,0,0.2562,1000000
1394,-607.62,1400,3,0,0.256,1000000
1395,-474.28,1400,0,0,0.2557,1000000
1396,-482.53,1400,0,0,0.2555,1000000
1397,-459.99,1400,0,0,0.2552,1000000
1398,-565.98,1400,0,0,0.255,1000000
1399,-453.51,1400,0,0,0.2547,1000000
1400,-540.61,1400,0,0,0.2545,1000000
1401,-567.58,1400,0,0,0.2542,1000000
1402,-559.01,1400,0,0,0.254,1000000
1403,-439.52,1400,0,0,0.2538,1000000
1404,-635.98,1400,2,0,0.2535,1000000
1405,-473.58,1400,0,0,0.2533,1000000
1406,-553.4,1400,0,0,0.253,1000000
1407,-502.27,1400,0,0,0.2528,1000000
1408,-619.51,1400,0,0,0.2525,1000000
1409,-498.97,1400,0,0,0.2523,1000000
1410,-545.66,1400,0,0,0.252,1000000
1411,-652.06,1400,0,0,0.2518,1000000
1412,-732.23,1400,0,0,0.2515,1000000
1413,-390.46,1400,0,0,0.2513,1000000
1414,-585.62,1400,1,0,0.251,1000000
1415,-490.49,1400,0,0,0.2508,1000000
1416,-618.61,1400,0,0,0.2505,1000000
1417,-635.42,1400,0,0,0.2503,1000000
1418,-515.01,1400,0,0,0.2501,1000000
1419,-455.59,1400,0,0,0.2498,1000000
1420,-661.33,1400,4,0,0.2496,1000000
1421,-476.1,1400,0,0,0.2493,1000000
1422,-615.59,1400,0,0,0.2491,1000000
1423,-818.79,1400,0,0,0.2488,1000000
1424,-597.7,1400,0,0,0.2486,1000000
1425,-723.76,1400,0,0,0.2484,1000000
1426,-483.68,1400,0,0,0.2481,1000000
1427,-646.16,1400,0,0,0.2479,1000000
1428,-509.09,1400,0,0,0.2476,1000000
1429,-879.82,1400,0,0,0.2474,1000000
1430,-601.39,1400,0,0,0.2471,1000000
1431,-690.75,1400,0,0,0.2469,1000000
1432,-595.49,1400,0,0,0.2467,1000000
1433,-534.58,1400,0,0,0.2464,1000000
1434,-594.43,1400,0,0,0.2462,1000000
1435,-1096.62,1400,4,0,0.2459,1000000
1436,-559.11,1400,0,0,0.2457,1000000
1437,-571.29,1400,0,0,0.2455,1000000
1438,-643.4,1400,0,0,0.2452,1000000
1439,-674.56,1400,0,0,0.245,1000000
1440,-598.56,1400,0,0,0.2447,1000000
1441,-2069.08,1400,0,0,0.2445,1000000
1442,-885.16,1400,0,0,0.2443,1000000
1443,-1534.51,1400,0,0,0.244,1000000
1444,-618.86,1400,0,0,0.2438,1000000
1445,-591.31,1400,0,0,0.2435,1000000
1446,-476.52,1400,0,0,0.2433,1000000
1447,-622.53,1400,0,0,0.2431,1000000
1448,-659.51,1400,1,0,0.2428,1000000
1449,-596.51,1400,0,0,0.2426,1000000
1450,-639.63,1400,0,0,0.2424,1000000
1451,-416.95,1400,0,0,0.2421,1000000
1452,-746.36,1400,0,0,0.2419,1000000
1453,-746.39,1400,1,0,0.2416,1000000
1454,-720.5,1400,0,0,0.2414,1000000
1455,-599.52,1400,0,0,0.2412,1000000
1456,-570.04,1400,0,0,0.2409,1000000
1457,-1176.14,1400,0,0,0.2407,1000000
1458,-1064.33,1400,0,0,0.2405,1000000
1459,-624.39,1400,0,0,0.2402,1000000
1460,-588.57,1400,0,0,0.24,1000000
1461,-785.36,1400,0,0,0.2398,1000000
1462,-628.39,1400,0,0,0.2395,1000000
1463,-1004.66,1400,0,0,0.2393,1000000
1464,-685.0,1400,0,0,0.2391,1000000
1465,-1442.91,1400,0,0,0.2388,1000000
1466,-618.22,1400,0,0,0.2386,1000000
1467,-649.88,1400,0,0,0.2384,1000000
1468,-788.6,1400,2,0,0.2381,1000000
1469,-1613.64,1400,0,0,0.2379,1000000
1470,-611.01,1400,0,0,0.2377,1000000
1471,-1936.57,1400,0,0,0.2374,1000000
1472,-834.4,1400,0,0,0.2372,1000000
1473,-715.32,1400,0,0,0.237,1000000
1474,-1031.05,1400,0,0,0.2367,1000000
1475,-1067.38,1400,0,0,0.2365,1000000
1476,-755.48,1400,0,0,0.2363,1000000
1477,-675.99,1400,0,0,0.236,1000000
1478,-909.43,1400,0,0,0.2358,1000000
1479,-579.61,1400,0,0,0.2356,1000000
1480,-609.3,1400,0,0,0.2354,1000000
1481,-540.35,1400,0,0,0.2351,1000000
1482,-457.16,1400,0,0,0.2349,1000000
1483,-828.91,1400,0,0,0.2347,1000000
1484,-703.47,1400,0,0,0.2344,1000000
1485,-700.56,1400,0,0,0.2342,1000000
1486,-700.04,1400,0,0,0.234,1000000
1487,-433.53,1400,0,0,0.2337,1000000
1488,-934.82,1400,0,0,0.2335,1000000
1489,-606.0,1400,0,0,0.2333,1000000
1490,-590.33,1400,0,0,0.2331,1000000
1491,-544.03,1400,0,0,0.2328,1000000
1492,-695.15,1400,0,0,0.2326,1000000
1493,-578.55,1400,0,0,0.2324,1000000
1494,-452.97,1400,0,0,0.2322,1000000
1495,-665.61,1400,2,0,0.2319,1000000
1496,-579.93,1400,0,0,0.2317,1000000
1497,-632.51,1400,0,0,0.2315,1000000
1498,-486.32,1400,0,0,0.2312,1000000
1499,-718.07,1400,0,0,0.231,1000000
1500,-571.03,1400,0,0,0.2308,1000000
1501,-589.64,1400,0,0,0.2306,1000000
1502,-765.36,1400,0,0,0.2303,1000000
1503,-624.93,1400,0,0,0.2301,1000000
1504,-564.54,1400,0,0,0.2299,1000000
1505,-537.16,1400,1,0,0.2297,1000000
1506,-572.97,1400,0,0,0.2294,1000000
1507,-614.23,1400,0,0,0.2292,1000000
1508,-614.7,1400,0,0,0.229,1000000
1509,-554.27,1400,0,0,0.2288,1000000
1510,-754.81,1400,0,0,0.2286,1000000
1511,-667.49,1400,0,0,0.2283,1000000
1512,-557.19,1400,1,0,0.2281,1000000
1513,-622.97,1400,0,0,0.2279,1000000
1514,-581.11,1400,0,0,0.2277,1000000
1515,-596.12,1400,0,0,0.2274,1000000
1516,-568.17,1400,0,0,0.2272,1000000
1517,-563.65,1400,1,0,0.227,1000000
1518,-548.48,1400,0,0,0.2268,1000000
1519,-866.35,1400,0,0,0.2266,1000000
1520,-536.46,1400,0,0,0.2263,1000000
1521,-601.67,1400,0,0,0.2261,1000000
1522,-555.39,1400,0,0,0.2259,1000000
1523,-724.88,1400,0,0,0.2257,1000000
1524,-489.83,1400,0,0,0.2254,1000000
1525,-1002.69,1400,0,0,0.2252,1000000
1526,-510.15,1400,0,0,0.225,1000000
1527,-569.28,1400,0,0,0.2248,1000000
1528,-645.48,1400,0,0,0.2246,1000000
1529,-812.41,1400,0,0,0.2243,1000000
1530,-537.89,1400,0,0,0.2241,1000000
1531,-529.32,1400,0,0,0.2239,1000000
1532,-462.95,1400,0,0,0.2237,1000000
1533,-503.43,1400,0,0,0.2235,1000000
1534,-689.0,1400,0,0,0.2233,1000000
1535,-620.75,1400,1,0,0.223,1000000
1536,-577.32,1400,0,0,0.2228,1000000
1537,-561.9,1400,0,0,0.2226,1000000
1538,-536.83,1400,0,0,0.2224,1000000
1539,-663.91,1400,0,0,0.2222,1000000
1540,-596.12,1400,0,0,0.2219,1000000
1541,-638.84,1400,0,0,0.2217,1000000
1542,-495.54,1400,0,0,0.2215,1000000
1543,-647.71,1400,0,0,0.2213,1000000
1544,-433.53,1400,0,0,0.2211,1000000
1545,-546.64,1400,0,0,0.2209,1000000
1546,-657.47,1400,0,0,0.2206,1000000
1547,-616.94,1400,0,0,0.2204,1000000
1548,-617.27,1400,0,0,0.2202,1000000
1549,-484.65,1400,0,0,0.22,1000000
1550,-484.98,1400,0,0,0.2198,1000000
1551,-684.39,1400,0,0,0.2196,1000000
1552,-639.92,1400,0,0,0.2194,1000000
1553,-457.42,1400,0,0,0.2191,1000000
1554,-644.75,1400,0,0,0.2189,1000000
1555,-438.53,1400,0,0,0.2187,1000000
1556,-598.26,1400,0,0,0.2185,1000000
1557,-737.66,1400,0,0,0.2183,1000000
1558,-758.92,1400,0,0,0.2181,1000000
1559,-605.24,1400,0,0,0.2179,1000000
1560,-515.54,1400,0,0,0.2177,1000000
1561,-700.43,1400,0,0,0.2174,1000000
1562,-528.39,1400,0,0,0.2172,1000000
1563,-820.43,1400,0,0,0.217,1000000
1564,-532.6,1400,0,0,0.2168,1000000
1565,-656.5,1400,0,0,0.2166,1000000
1566,-534.9,1400,0,0,0.2164,1000000
1567,-612.13,1400,0,0,0.2162,1000000
1568,-668.69,1400,0,0,0.216,1000000
1569,-644.81,1400,0,0,0.2157,1000000
1570,-594.27,1400,0,0,0.2155,1000000
1571,-501.16,1400,0,0,0.2153,1000000
1572,-428.49,1400,0,0,0.2151,1000000
1573,-531.16,1400,0,0,0.2149,1000000
1574,-483.82,1400,0,0,0.2147,1000000
1575,-533.24,1400,0,0,0.2145,1000000
1576,-587.13,1400,0,0,0.2143,1000000
1577,-519.9,1400,0,0,0.2141,1000000
1578,-472.95,1400,0,0,0.2139,1000000
1579,-598.91,1400,0,0,0.2136,1000000
1580,-509.31,1400,0,0,0.2134,1000000
1581,-698.24,1400,0,0,0.2132,1000000
1582,-556.48,1400,0,0,0.213,1000000
1583,-770.15,1400,0,0,0.2128,1000000
1584,-586.79,1400,0,0,0.2126,1000000
1585,-569.25,1400,0,0,0.2124,1000000
1586,-487.51,1400,0,0,0.2122,1000000
1587,-703.25,1400,0,0,0.212,1000000
1588,-495.22,1400,0,0,0.2118,1000000
1589,-483.23,1400,0,0,0.2116,1000000
1590,-555.19,1400,0,0,0.2114,1000000
1591,-603.01,1400,0,0,0.2112,1000000
1592,-489.19,1400,0,0,0.2109,1000000
1593,-757.48,1400,0,0,0.2107,1000000
1594,-511.82,1400,0,0,0.2105,1000000
1595,-631.5,1400,0,0,0.2103,1000000
1596,-447.91,1400,0,0,0.2101,1000000
1597,-494.09,1400,0,0,0.2099,1000000
1598,-531.47,1400,0,0,0.2097,1000000
1599,-695.78,1400,0,0,0.2095,1000000
1600,-477.12,1400,0,0,0.2093,1000000
1601,-456.85,1400,0,0,0.2091,1000000
1602,-494.14,1400,0,0,0.2089,1000000
1603,-525.52,1400,0,0,0.2087,1000000
1604,-521.81,1400,0,0,0.2085,1000000
1605,-527.73,1400,0,0,0.2083,1000000
1606,-575.12,1400,0,0,0.2081,1000000
1607,-562.66,1400,0,0,0.2079,1000000
1608,-520.71,1400,0,0,0.2077,1000000
1609,-438.84,1400,0,0,0.2075,1000000
1610,-476.69,1400,1,0,0.2073,1000000
1611,-532.16,1400,0,0,0.2071,1000000
1612,-546.31,1400,0,0,0.2069,1000000
1613,-547.23,1400,0,0,0.2067,1000000
1614,-616.53,1400,0,0,0.2065,1000000
1615,-617.35,1400,0,0,0.2063,1000000
1616,-544.31,1400,2,0,0.2061,1000000
1617,-560.54,1400,0,0,0.2059,1000000
1618,-474.85,1400,0,0,0.2057,1000000
1619,-555.96,1400,0,0,0.2055,1000000
1620,-493.05,1400,0,0,0.2053,1000000
1621,-712.17,1400,0,0,0.2051,1000000
1622,-536.23,1400,0,0,0.2049,1000000
1623,-500.11,1400,0,0,0.2047,1000000
1624,-582.86,1400,0,0,0.2045,1000000
1625,-574.3,1400,0,0,0.2043,1000000
1626,-537.59,1400,0,0,0.2041,1000000
1627,-629.83,1400,0,0,0.2039,1000000
1628,-636.93,1400,0,0,0.2037,1000000
1629,-548.99,1400,0,0,0.2035,1000000
1630,-545.14,1400,2,0,0.2033,1000000
1631,-611.13,1400,2,0,0.2031,1000000
1632,-597.27,1400,0,0,0.2029,1000000
1633,-573.26,1400,0,0,0.2027,1000000
1634,-574.19,1400,0,0,0.2025,1000000
1635,-636.05,1400,0,0,0.2023,1000000
1636,-639.51,1400,0,0,0.2021,1000000
1637,-638.52,1400,0,0,0.2019,1000000
1638,-608.74,1400,0,0,0.2017,1000000
1639,-553.95,1400,0,0,0.2015,1000000
1640,-661.59,1400,0,0,0.2013,1000000
1641,-591.45,1400,1,0,0.2011,1000000
1642,-687.5,1400,0,0,0.2009,1000000
1643,-514.56,1400,0,0,0.2007,1000000
1644,-740.39,1400,0,0,0.2005,1000000
1645,-443.32,1400,0,0,0.2003,1000000
1646,-686.38,1400,2,0,0.2001,1000000
1647,-641.28,1400,0,0,0.1999,1000000
1648,-588.05,1400,0,0,0.1997,1000000
1649,-634.6,1400,0,0,0.1995,1000000
1650,-700.59,1400,0,0,0.1993,1000000
1651,-539.58,1400,0,0,0.1991,1000000
1652,-521.88,1400,0,0,0.1989,1000000
1653,-574.91,1400,0,0,0.1987,1000000
1654,-578.65,1400,0,0,0.1985,1000000
1655,-586.22,1400,0,0,0.1983,1000000
1656,-520.85,1400,0,0,0.1982,1000000
1657,-611.93,1400,0,0,0.198,1000000
1658,-604.53,1400,1,0,0.1978,1000000
1659,-492.27,1400,0,0,0.1976,1000000
1660,-686.03,1400,0,0,0.1974,1000000
1661,-611.5,1400,0,0,0.1972,1000000
1662,-798.2,1400,0,0,0.197,1000000
1663,-778.36,1400,3,0,0.1968,1000000
1664,-585.59,1400,0,0,0.1966,1000000
1665,-650.44,1400,0,0,0.1964,1000000
1666,-607.2,1400,0,0,0.1962,1000000
1667,-582.69,1400,0,0,0.196,1000000
1668,-622.39,1400,0,0,0.1958,1000000
1669,-817.74,1400,0,0,0.1957,1000000
1670,-550.9,1400,0,0,0.1955,1000000
1671,-571.94,1400,0,0,0.1953,1000000
1672,-707.46,1400,0,0,0.1951,1000000
1673,-606.87,1400,1,0,0.1949,1000000
1674,-510.65,1400,0,0,0.1947,1000000
1675,-510.78,1400,0,0,0.1945,1000000
1676,-565.12,1400,0,0,0.1943,1000000
1677,-639.63,1400,0,0,0.1941,1000000
1678,-636.51,1400,0,0,0.1939,1000000
1679,-556.86,1400,0,0,0.1938,1000000
1680,-781.69,1400,0,0,0.1936,1000000
1681,-607.78,1400,0,0,0.1934,1000000
1682,-585.73,1400,0,0,0.1932,1000000
1683,-688.96,1400,0,0,0.193,1000000
1684,-600.3,1400,2,0,0.1928,1000000
1685,-567.18,1400,0,0,0.1926,1000000
1686,-900.19,1400,0,0,0.1924,1000000
1687,-509.24,1400,0,0,0.1922,1000000
1688,-607.0,1400,0,0,0.1921,1000000
1689,-533.16,1400,0,0,0.1919,1000000
1690,-688.77,1400,0,0,0.1917,1000000
1691,-566.39,1400,0,0,0.1915,1000000
1692,-546.44,1400,0,0,0.1913,1000000
1693,-561.26,1400,0,0,0.1911,1000000
1694,-669.94,1400,0,0,0.1909,1000000
1695,-583.67,1400,0,0,0.1907,1000000
1696,-454.31,1400,0,0,0.1906,1000000
1697,-798.52,1400,0,0,0.1904,1000000
1698,-573.47,1400,0,0,0.1902,1000000
1699,-564.75,1400,0,0,0.19,1000000
1700,-624.3,1400,0,0,0.1898,1000000
1701,-599.93,1400,0,0,0.1896,1000000
1702,-503.46,1400,0,0,0.1894,1000000
1703,-519.28,1400,0,0,0.1893,1000000
1704,-520.43,1400,0,0,0.1891,1000000
1705,-598.52,1400,3,0,0.1889,1000000
1706,-675.28,1400,0,0,0.1887,1000000
1707,-582.6,1400,0,0,0.1885,1000000
1708,-477.6,1400,0,0,0.1883,1000000
1709,-551.41,1400,0,0,0.1882,1000000
1710,-535.05,1400,0,0,0.188,1000000
1711,-598.86,1400,0,0,0.1878,1000000
1712,-579.13,1400,0,0,0.1876,1000000
1713,-695.82,1400,0,0,0.1874,1000000
1714,-623.57,1400,0,0,0.1872,1000000
1715,-759.48,1400,0,0,0.1871,1000000
1716,-493.23,1400,0,0,0.1869,1000000
1717,-883.22,1400,0,0,0.1867,1000000
1718,-535.83,1400,0,0,0.1865,1000000
1719,-561.95,1400,0,0,0.1863,1000000
1720,-610.28,1400,0,0,0.1861,1000000
1721,-538.22,1400,2,0,0.186,1000000
1722,-577.64,1400,0,0,0.1858,1000000
